-- MariaDB dump 10.17  Distrib 10.4.8-MariaDB, for Win64 (AMD64)
--
-- Host: localhost    Database: solar
-- ------------------------------------------------------
-- Server version	10.4.8-MariaDB

/*!40101 SET @OLD_CHARACTER_SET_CLIENT=@@CHARACTER_SET_CLIENT */;
/*!40101 SET @OLD_CHARACTER_SET_RESULTS=@@CHARACTER_SET_RESULTS */;
/*!40101 SET @OLD_COLLATION_CONNECTION=@@COLLATION_CONNECTION */;
/*!40101 SET NAMES utf8mb4 */;
/*!40103 SET @OLD_TIME_ZONE=@@TIME_ZONE */;
/*!40103 SET TIME_ZONE='+00:00' */;
/*!40014 SET @OLD_UNIQUE_CHECKS=@@UNIQUE_CHECKS, UNIQUE_CHECKS=0 */;
/*!40014 SET @OLD_FOREIGN_KEY_CHECKS=@@FOREIGN_KEY_CHECKS, FOREIGN_KEY_CHECKS=0 */;
/*!40101 SET @OLD_SQL_MODE=@@SQL_MODE, SQL_MODE='NO_AUTO_VALUE_ON_ZERO' */;
/*!40111 SET @OLD_SQL_NOTES=@@SQL_NOTES, SQL_NOTES=0 */;

--
-- Table structure for table `goods`
--

DROP TABLE IF EXISTS `goods`;
/*!40101 SET @saved_cs_client     = @@character_set_client */;
/*!40101 SET character_set_client = utf8 */;
CREATE TABLE `goods` (
  `id` int(11) NOT NULL AUTO_INCREMENT,
  `product` int(11) DEFAULT NULL,
  `container` int(11) DEFAULT NULL,
  `amount` int(11) DEFAULT NULL,
  PRIMARY KEY (`id`),
  KEY `product` (`product`),
  KEY `container` (`container`),
  CONSTRAINT `goods_ibfk_1` FOREIGN KEY (`product`) REFERENCES `products` (`id`),
  CONSTRAINT `goods_ibfk_2` FOREIGN KEY (`container`) REFERENCES `objects` (`id`)
) ENGINE=InnoDB DEFAULT CHARSET=utf8;
/*!40101 SET character_set_client = @saved_cs_client */;

--
-- Dumping data for table `goods`
--

LOCK TABLES `goods` WRITE;
/*!40000 ALTER TABLE `goods` DISABLE KEYS */;
/*!40000 ALTER TABLE `goods` ENABLE KEYS */;
UNLOCK TABLES;

--
-- Table structure for table `object_modification`
--

DROP TABLE IF EXISTS `object_modification`;
/*!40101 SET @saved_cs_client     = @@character_set_client */;
/*!40101 SET character_set_client = utf8 */;
CREATE TABLE `object_modification` (
  `id` int(11) NOT NULL AUTO_INCREMENT,
  `item_id` int(11) NOT NULL,
  `modification_id` int(11) NOT NULL,
  PRIMARY KEY (`id`),
  KEY `item_id` (`item_id`),
  KEY `modification_id` (`modification_id`),
  CONSTRAINT `object_modification_ibfk_1` FOREIGN KEY (`item_id`) REFERENCES `object_type_description` (`id`),
  CONSTRAINT `object_modification_ibfk_2` FOREIGN KEY (`modification_id`) REFERENCES `object_modification_type` (`id`)
) ENGINE=InnoDB AUTO_INCREMENT=29 DEFAULT CHARSET=utf8;
/*!40101 SET character_set_client = @saved_cs_client */;

--
-- Dumping data for table `object_modification`
--

LOCK TABLES `object_modification` WRITE;
/*!40000 ALTER TABLE `object_modification` DISABLE KEYS */;
INSERT INTO `object_modification` VALUES (2,61,1),(3,68,2),(4,69,3),(5,70,4),(6,71,4),(7,72,5),(8,70,9),(9,71,9),(10,75,4),(11,45,10),(12,77,7),(13,76,6),(14,79,13),(15,80,12),(16,80,9),(17,79,11),(18,81,14),(19,82,9),(20,82,8),(21,68,13),(22,69,13),(23,70,13),(24,71,13),(25,72,13),(26,75,13),(27,72,9),(28,83,13);
/*!40000 ALTER TABLE `object_modification` ENABLE KEYS */;
UNLOCK TABLES;

--
-- Table structure for table `object_modification_type`
--

DROP TABLE IF EXISTS `object_modification_type`;
/*!40101 SET @saved_cs_client     = @@character_set_client */;
/*!40101 SET character_set_client = utf8 */;
CREATE TABLE `object_modification_type` (
  `id` int(11) NOT NULL AUTO_INCREMENT,
  `title` varchar(255) DEFAULT NULL,
  `data` varchar(255) DEFAULT NULL,
  `description` varchar(255) DEFAULT NULL,
  PRIMARY KEY (`id`)
) ENGINE=InnoDB AUTO_INCREMENT=15 DEFAULT CHARSET=utf8;
/*!40101 SET character_set_client = @saved_cs_client */;

--
-- Dumping data for table `object_modification_type`
--

LOCK TABLES `object_modification_type` WRITE;
/*!40000 ALTER TABLE `object_modification_type` DISABLE KEYS */;
INSERT INTO `object_modification_type` VALUES (1,'small_hull','40','+30% defence against ray weapons'),(2,'station_hull_small','50','can land on moons'),(3,'station_hull_medium','500','can\'t land or dock'),(4,'station_hull_large','3000','Immobile station'),(5,'station_hull_titan','50000','Station can move, but can be used as immobile station'),(6,'cargo_container','60','Container 4x4x4 meters'),(7,'cargo_container','3000','Container 50x20x3, can be attached to stations'),(8,'cargo_container','25000','Container 50x50x10, can be attached to static stations only'),(9,'station_immobile',NULL,'station can\'t move. Also used as marker, item can be used only on static stations.'),(10,'stealth_detection','70','radar modification'),(11,'living_quarters_mobile','100','Living quarters for mobile stations'),(12,'living_quarters_static','300','Living quarters for static station'),(13,'station',NULL,'Marker, that item can be used only on stations'),(14,'livig_quarters_ship','4','Living quarters for 4 persons');
/*!40000 ALTER TABLE `object_modification_type` ENABLE KEYS */;
UNLOCK TABLES;

--
-- Table structure for table `object_type`
--

DROP TABLE IF EXISTS `object_type`;
/*!40101 SET @saved_cs_client     = @@character_set_client */;
/*!40101 SET character_set_client = utf8 */;
CREATE TABLE `object_type` (
  `id` int(11) NOT NULL AUTO_INCREMENT,
  `title` varchar(255) DEFAULT NULL,
  PRIMARY KEY (`id`)
) ENGINE=InnoDB AUTO_INCREMENT=21 DEFAULT CHARSET=utf8;
/*!40101 SET character_set_client = @saved_cs_client */;

--
-- Dumping data for table `object_type`
--

LOCK TABLES `object_type` WRITE;
/*!40000 ALTER TABLE `object_type` DISABLE KEYS */;
INSERT INTO `object_type` VALUES (1,'engine'),(2,'generator'),(3,'large_generator'),(4,'shield'),(5,'energy_weapon'),(6,'rocket_weapon'),(7,'radar'),(9,'rocket'),(10,'torpedo'),(11,'ammo_weapon'),(14,'turret'),(15,'armor'),(16,'battery'),(17,'hull'),(18,'huge_engine'),(20,'container');
/*!40000 ALTER TABLE `object_type` ENABLE KEYS */;
UNLOCK TABLES;

--
-- Table structure for table `object_type_description`
--

DROP TABLE IF EXISTS `object_type_description`;
/*!40101 SET @saved_cs_client     = @@character_set_client */;
/*!40101 SET character_set_client = utf8 */;
CREATE TABLE `object_type_description` (
  `id` int(11) NOT NULL AUTO_INCREMENT,
  `inventory_type` int(11) DEFAULT NULL,
  `title` varchar(255) DEFAULT NULL,
  `power_min` float DEFAULT NULL,
  `power_max` float DEFAULT NULL,
  `power_degradation` float DEFAULT NULL,
  `cooldown` float DEFAULT NULL,
  `energy_consumption` int(11) DEFAULT NULL,
  `durability` int(11) DEFAULT NULL,
  `price` int(11) DEFAULT NULL,
  `distance` int(11) DEFAULT NULL,
  `mass` int(11) DEFAULT NULL,
  `description` text DEFAULT NULL,
  `type` enum('station','ship','item','asteroid') DEFAULT NULL,
  `sub_type` enum('static','mining','military','science','production','asylum') DEFAULT NULL,
  PRIMARY KEY (`id`),
  KEY `inventory_type` (`inventory_type`),
  CONSTRAINT `object_type_description_ibfk_1` FOREIGN KEY (`inventory_type`) REFERENCES `object_type` (`id`)
) ENGINE=InnoDB AUTO_INCREMENT=84 DEFAULT CHARSET=utf8;
/*!40101 SET character_set_client = @saved_cs_client */;

--
-- Dumping data for table `object_type_description`
--

LOCK TABLES `object_type_description` WRITE;
/*!40000 ALTER TABLE `object_type_description` DISABLE KEYS */;
INSERT INTO `object_type_description` VALUES (1,5,'Laser',20,50,0.1,6,10,100,2000,200,150,'','item',NULL),(2,5,'Neutron gun',60,80,0.7,10,50,100,10000,300,200,NULL,'item',NULL),(3,5,'PPC',60,150,0.7,20,40,200,15000,300,300,NULL,'item',NULL),(4,5,'EMP gun',5,10,0.6,30,60,150,12000,50,150,NULL,'item',NULL),(5,11,'Spark Minigun',10,25,0.9,0.2,0,300,8000,50,200,NULL,'item',NULL),(6,5,'Graviton Beam',100,200,0.4,20,40,150,12000,250,300,NULL,'item',NULL),(7,5,'High Energy PPC',200,300,0.7,30,100,150,20000,500,500,NULL,'item',NULL),(8,5,'Plasma Gun',300,500,0.4,25,400,200,25000,150,1000,NULL,'item',NULL),(9,5,'Phase Gun',40,60,0.4,5,50,150,25000,300,150,NULL,'item',NULL),(10,14,'Twin Laser Turret',40,100,0.3,2,10,400,10000,150,1200,NULL,'item',NULL),(11,14,'Spark Minigun Turret',10,25,0.6,0.2,0,500,20000,40,1200,NULL,'item',NULL),(12,14,'Graviton Turret',120,300,0.8,20,60,500,25000,400,1000,NULL,'item',NULL),(13,14,'Massive Plasma Turret',500,1500,0.3,40,2500,350,40000,200,5000,NULL,'item',NULL),(14,14,'Phase Turret',60,80,0.8,5,25,500,30000,300,1200,NULL,'item',NULL),(15,15,'Aluminium Armor',10,15,1,0,0,1500,6000,0,NULL,'','item',NULL),(16,15,'Tungester Armor',30,50,1,0,0,1500,10000,0,NULL,'','item',NULL),(17,2,'Generator MK1',500,0,0.6,0,0,200,10000,0,2000,NULL,'item',NULL),(18,2,'Generator MK2',750,0,0.6,0,0,200,20000,0,2500,NULL,'item',NULL),(19,2,'Generator MK3',1000,0,0.5,0,0,300,30000,0,3000,NULL,'item',NULL),(20,2,'Generator MK4',1500,0,0.5,0,0,400,40000,0,5000,NULL,'item',NULL),(21,2,'Generator MK5',2500,0,0.4,0,0,600,50000,0,10000,NULL,'item',NULL),(22,4,'Shield Generator MK1',25000,0,0.5,0,200,300,10000,0,1500,NULL,'item',NULL),(23,4,'Shield Generator MK2',30000,10,0.4,0,300,300,15000,0,1600,NULL,'item',NULL),(24,4,'Shield Generator MK3',40000,10,0.3,0,400,300,35000,0,1700,NULL,'item',NULL),(25,4,'Hard Shield',20000,30,0.3,0,400,300,35000,0,1700,NULL,'item',NULL),(26,4,'Shield Generator MK4',60000,10,0.3,0,1000,300,50000,0,3000,NULL,'item',NULL),(27,4,'Shield Generator MK5',90000,15,0.3,0,1500,500,80000,0,5000,NULL,'item',NULL),(28,4,'Hard Shield MK2',50000,40,0.3,0,1500,500,80000,0,5000,NULL,'item',NULL),(29,16,'Battery MK1',1000,0,0.1,0,0,100,5000,0,1000,NULL,'item',NULL),(30,16,'Battery MK2',3000,0,0.1,0,0,200,10000,0,1500,NULL,'item',NULL),(31,16,'Battery MK3',6000,0,0.1,0,0,300,20000,0,2500,NULL,'item',NULL),(32,16,'Battery Massive',20000,0,0.1,0,0,500,30000,0,5000,NULL,'item',NULL),(33,1,'Star Jet Engine',300,450,0.7,0,100,300,10000,0,1000,NULL,'item',NULL),(34,1,'Double Jet Engine',270,400,0.7,0,100,300,10000,0,1200,NULL,'item',NULL),(35,1,'Cruiser Engine',400,500,0.6,0,300,350,15000,0,1500,NULL,'item',NULL),(36,1,'Tweek Engine',300,800,0.6,0,400,250,15000,0,1400,NULL,'item',NULL),(37,3,'Station Generator MK1',20000,0,0.1,0,0,5000,100000,0,20000,NULL,'item',NULL),(38,3,'Station Generator MK2',30000,0,0.1,0,0,5000,150000,0,25000,NULL,'item',NULL),(39,3,'Station Generator MK3',50000,0,0.1,0,0,5000,250000,0,30000,NULL,'item',NULL),(40,6,'Rocket Launcher',0,0,0,50,0,250,12000,0,600,NULL,'item',NULL),(41,6,'Small Torpedo Launcher',0,0,0,70,0,300,7000,700,800,NULL,'item',NULL),(42,7,'Radar Predator',0,0,0.4,60,100,250,22000,60000,500,'medium range radar','item',NULL),(43,7,'Radar Stone Eye 1.3',0,0,0.9,60,100,2500,18000,50000,500,'Small range radar, work well even if damaged','item',NULL),(44,7,'Radar R5',0,0,0.5,100,150,250,20000,200000,500,'Long range radar with long term cooldwon','item',NULL),(45,7,'Radar True Vision',0,0,0.6,50,150,150,25000,70000,1000,'Medium range radar, have good stealth detection abilities','item',NULL),(46,7,'Radar Frequency',0,0,0.7,10,200,250,25000,60000,500,'medium range radar, provide most actual information','item',NULL),(47,9,'Image Recognition Rocket',500,700,1,0,0,0,1000,120000,250,NULL,'item',NULL),(48,9,'Noise Durable Rocket',500,700,1,0,0,0,1000,200000,250,NULL,'item',NULL),(49,9,'Smart Rocket',500,700,1,0,0,0,0,200000,250,NULL,'item',NULL),(50,9,'Hydra Rocket',200,300,1,0,0,0,1500,12000,400,NULL,'item',NULL),(51,10,'Small Torpedo',3000,4000,1,0,0,0,1000,100000,1000,NULL,'item',NULL),(52,10,'Warhead Torpedo',800,1200,1,0,0,0,2000,100000,1200,NULL,'item',NULL),(59,18,'HG Engine Falcon',500,1000,0.6,0,500,1200,35000,0,4000,NULL,'item',NULL),(60,18,'HG Engine Tornado',400,1500,0.6,0,700,1500,35000,0,6000,NULL,'item',NULL),(61,17,'Moon Rider',0,0,0,0,50,15000,70000,0,5000,'Small starship, designed for short travels between moons.','ship',NULL),(65,17,'Cargonaught',0,0,0,0,200,70000,100000,0,80000,'Small cargo ship. Can trall 8 small containers.','ship',NULL),(66,17,'Orion',0,0,0,0,300,120000,150000,0,200000,'Multi purpose ship','ship',NULL),(67,17,'Sabre',NULL,NULL,NULL,NULL,50,45000,100000,NULL,20000,'Light fighter','ship',NULL),(68,17,'Station Vega Miner',0,0,0,0,0,500000,800000,0,200000,'Small mobile mining station, with purpose to process small asteroids','station',NULL),(69,17,'Station Orion Miner',0,0,0,0,0,2000000,15000000,0,8000000,'Large mobile mining station','station',NULL),(70,17,'Station UMC',0,0,0,0,0,100000000,600000000,0,150000000,'Immobile Universal Mining Complex','station',NULL),(71,17,'Station Multipurpose',0,0,0,0,0,100000000,350000000,0,100000000,'Multipurpose immobile station','station',NULL),(72,17,'Station Titan',0,0,0,0,0,800000000,0,0,1200000000,'Unique Titan station','station',NULL),(75,17,'Sky Diamond',NULL,NULL,NULL,NULL,NULL,500000,1000000,NULL,700000,'Unique station on earth orbit. Provide trade platform features and different kind of ship services.','station',NULL),(76,20,'Container (60)',NULL,NULL,NULL,NULL,NULL,NULL,NULL,NULL,NULL,'Container for star ships',NULL,NULL),(77,20,'Station Store (3000)',NULL,NULL,NULL,NULL,NULL,NULL,NULL,NULL,NULL,'Store for station',NULL,NULL),(78,15,'Concrete Armor',30,100,1,NULL,NULL,2000,1000,NULL,300,'Reinforced concrete used as armor on immobile space stations',NULL,NULL),(79,20,'Living Quarters (100)',NULL,NULL,NULL,NULL,NULL,NULL,NULL,NULL,NULL,'Living quarters for mobile station',NULL,NULL),(80,20,'Living Quarters (300)',NULL,NULL,NULL,NULL,NULL,NULL,NULL,NULL,NULL,'Living quarters for static station, designed for 300 persons',NULL,NULL),(81,20,'Living Quarters (4)',NULL,NULL,NULL,NULL,NULL,NULL,NULL,NULL,NULL,'Module of size 4x4x4 designed for living for 4 persons.',NULL,NULL),(82,20,'Station Store (25000)',NULL,NULL,NULL,NULL,NULL,NULL,NULL,NULL,NULL,'Huge store for immobile stations',NULL,NULL),(83,6,'Station Rocket Launcher',NULL,NULL,0,10,100,500,30000,NULL,2000,'Rocket launcher for stations. Contain many tubes for rockets.',NULL,NULL);
/*!40000 ALTER TABLE `object_type_description` ENABLE KEYS */;
UNLOCK TABLES;

--
-- Table structure for table `object_type_socket`
--

DROP TABLE IF EXISTS `object_type_socket`;
/*!40101 SET @saved_cs_client     = @@character_set_client */;
/*!40101 SET character_set_client = utf8 */;
CREATE TABLE `object_type_socket` (
  `id` int(11) NOT NULL AUTO_INCREMENT,
  `item_id` int(11) NOT NULL,
  `item_type_id` int(11) NOT NULL,
  `sort_order` int(11) DEFAULT NULL,
  `alias` varchar(255) DEFAULT NULL,
  PRIMARY KEY (`id`),
  KEY `item_id` (`item_id`),
  KEY `item_type_id` (`item_type_id`),
  CONSTRAINT `object_type_socket_ibfk_1` FOREIGN KEY (`item_id`) REFERENCES `object_type_description` (`id`),
  CONSTRAINT `object_type_socket_ibfk_2` FOREIGN KEY (`item_type_id`) REFERENCES `object_type` (`id`)
) ENGINE=InnoDB AUTO_INCREMENT=1249 DEFAULT CHARSET=utf8;
/*!40101 SET character_set_client = @saved_cs_client */;

--
-- Dumping data for table `object_type_socket`
--

LOCK TABLES `object_type_socket` WRITE;
/*!40000 ALTER TABLE `object_type_socket` DISABLE KEYS */;
INSERT INTO `object_type_socket` VALUES (7,68,2,1,'small_generator'),(8,68,18,10,'engine'),(9,68,3,2,'main_generator'),(10,68,6,8,'r_rocket'),(11,68,6,9,'l_rocket'),(12,68,7,7,'radar'),(28,68,14,3,'hangar_turret'),(29,68,14,4,'cockpit_turret'),(30,68,14,6,'r_side_turret'),(31,68,14,5,'l_side_turret'),(32,69,16,17,'battery_1'),(33,69,16,18,'battery_2'),(34,69,16,19,'battery_3'),(35,69,16,20,'battery_4'),(36,69,16,21,'battery_5'),(37,69,16,22,'battery_6'),(42,69,18,23,'engine_l'),(43,69,18,24,'engine_r'),(44,69,18,25,'engine_c'),(45,69,3,14,'generator_1'),(46,69,3,15,'generator_2'),(47,69,3,16,'generator_3'),(48,69,6,1,'rocket_fl'),(49,69,6,2,'rocket_fr'),(50,69,6,3,'rocket_lr'),(51,69,6,4,'rocket_ll'),(52,69,6,5,'rocket_rl'),(53,69,6,6,'rocket_rr'),(69,69,14,8,'turret_t1'),(70,69,14,9,'turret_t2'),(71,69,14,10,'turret_t3'),(72,69,14,11,'turret_t4'),(73,69,14,12,'turret_t5'),(74,69,14,13,'turret_t6'),(75,69,15,26,'armor'),(106,70,16,33,'battery_1'),(107,70,16,34,'battery_2'),(108,70,16,35,'battery_3'),(109,70,16,36,'battery_4'),(110,70,16,37,'battery_5'),(111,70,16,38,'battery_6'),(136,70,3,39,'generator_1'),(137,70,3,40,'generator_2'),(138,70,3,41,'generator_3'),(139,70,3,42,'generator_4'),(140,70,3,43,'generator_5'),(141,70,3,44,'generator_6'),(146,70,6,1,'rocket_1'),(147,70,6,2,'rocket_2'),(148,70,6,3,'rocket_3'),(149,70,6,4,'rocket_4'),(150,70,6,5,'rocket_5'),(151,70,6,6,'rocket_6'),(152,70,6,7,'rocket_7'),(153,70,6,8,'rocket_8'),(154,70,6,9,'rocket_9'),(155,70,6,10,'rocket_10'),(156,70,6,11,'rocket_11'),(157,70,6,12,'rocket_12'),(158,70,6,13,'rocket_13'),(159,70,6,14,'rocket_14'),(160,70,6,15,'rocket_15'),(166,70,7,16,'radar'),(367,70,14,17,'turret_1'),(368,70,14,18,'turret_2'),(369,70,14,19,'turret_3'),(370,70,14,20,'turret_4'),(371,70,14,21,'turret_5'),(372,70,14,22,'turret_6'),(373,70,14,23,'turret_7'),(374,70,14,24,'turret_8'),(375,70,14,25,'turret_9'),(376,70,14,26,'turret_10'),(377,70,14,27,'turret_11'),(378,70,14,28,'turret_12'),(379,70,14,29,'turret_13'),(380,70,14,30,'turret_14'),(381,70,14,31,'turret_15'),(387,70,15,32,'armor'),(388,71,16,24,'battery_1'),(389,71,16,25,'battery_2'),(390,71,16,26,'battery_3'),(391,71,16,27,'battery_4'),(392,71,16,28,'battery_5'),(393,71,16,29,'battery_6'),(408,71,3,8,'generator_1'),(409,71,3,9,'generator_2'),(410,71,3,10,'generator_3'),(411,71,3,11,'generator_4'),(412,71,6,3,'rocket_1'),(413,71,6,4,'rocket_2'),(414,71,6,5,'rocket_3'),(415,71,6,6,'rocket_4'),(416,71,6,7,'rocket_5'),(417,71,7,2,'radar'),(438,71,14,22,'turret_9'),(439,71,14,23,'turret_10'),(440,71,14,14,'turret_1'),(441,71,14,15,'turret_2'),(442,71,14,16,'turret_3'),(443,71,14,17,'turret_4'),(444,71,14,18,'turret_5'),(445,71,14,19,'turret_6'),(446,71,14,20,'turret_7'),(447,71,14,21,'turret_8'),(448,71,15,1,'armor'),(449,72,18,31,'huge_engine_30'),(450,72,18,20,'huge_engine_19'),(451,72,18,19,'huge_engine_18'),(452,72,18,18,'huge_engine_17'),(453,72,18,17,'huge_engine_16'),(454,72,18,16,'huge_engine_15'),(455,72,18,15,'huge_engine_14'),(456,72,18,14,'huge_engine_13'),(457,72,18,13,'huge_engine_12'),(458,72,18,21,'huge_engine_20'),(459,72,18,22,'huge_engine_21'),(460,72,18,30,'huge_engine_29'),(461,72,18,29,'huge_engine_28'),(462,72,18,28,'huge_engine_27'),(463,72,18,27,'huge_engine_26'),(464,72,18,26,'huge_engine_25'),(465,72,18,25,'huge_engine_24'),(466,72,18,24,'huge_engine_23'),(467,72,18,23,'huge_engine_22'),(468,72,18,12,'huge_engine_11'),(469,72,18,11,'huge_engine_10'),(470,72,18,10,'huge_engine_9'),(471,72,18,9,'huge_engine_8'),(472,72,18,8,'huge_engine_7'),(473,72,18,7,'huge_engine_6'),(474,72,18,6,'huge_engine_5'),(475,72,18,5,'huge_engine_4'),(476,72,18,4,'huge_engine_3'),(477,72,18,3,'huge_engine_2'),(478,72,18,2,'huge_engine_1'),(479,72,3,33,'large_generator_2'),(480,72,3,34,'large_generator_3'),(481,72,3,42,'large_generator_11'),(482,72,3,41,'large_generator_10'),(483,72,3,40,'large_generator_9'),(484,72,3,39,'large_generator_8'),(485,72,3,38,'large_generator_7'),(486,72,3,37,'large_generator_6'),(487,72,3,36,'large_generator_5'),(488,72,3,35,'large_generator_4'),(489,72,3,32,'large_generator_1'),(490,72,3,51,'large_generator_20'),(491,72,3,50,'large_generator_19'),(492,72,3,49,'large_generator_18'),(493,72,3,48,'large_generator_17'),(494,72,3,47,'large_generator_16'),(495,72,3,46,'large_generator_15'),(496,72,3,45,'large_generator_14'),(497,72,3,44,'large_generator_13'),(498,72,3,43,'large_generator_12'),(499,72,6,95,'rocket_weapon_41'),(500,72,6,96,'rocket_weapon_42'),(501,72,6,104,'rocket_weapon_50'),(502,72,6,103,'rocket_weapon_49'),(503,72,6,102,'rocket_weapon_48'),(504,72,6,101,'rocket_weapon_47'),(505,72,6,100,'rocket_weapon_46'),(506,72,6,99,'rocket_weapon_45'),(507,72,6,98,'rocket_weapon_44'),(508,72,6,97,'rocket_weapon_43'),(509,72,6,94,'rocket_weapon_40'),(510,72,6,93,'rocket_weapon_39'),(511,72,6,92,'rocket_weapon_38'),(512,72,6,81,'rocket_weapon_27'),(513,72,6,80,'rocket_weapon_26'),(514,72,6,79,'rocket_weapon_25'),(515,72,6,78,'rocket_weapon_24'),(516,72,6,77,'rocket_weapon_23'),(517,72,6,76,'rocket_weapon_22'),(518,72,6,75,'rocket_weapon_21'),(519,72,6,74,'rocket_weapon_20'),(520,72,6,82,'rocket_weapon_28'),(521,72,6,83,'rocket_weapon_29'),(522,72,6,91,'rocket_weapon_37'),(523,72,6,90,'rocket_weapon_36'),(524,72,6,89,'rocket_weapon_35'),(525,72,6,88,'rocket_weapon_34'),(526,72,6,87,'rocket_weapon_33'),(527,72,6,86,'rocket_weapon_32'),(528,72,6,85,'rocket_weapon_31'),(529,72,6,84,'rocket_weapon_30'),(530,72,6,73,'rocket_weapon_19'),(531,72,6,72,'rocket_weapon_18'),(532,72,6,62,'rocket_weapon_8'),(533,72,6,61,'rocket_weapon_7'),(534,72,6,60,'rocket_weapon_6'),(535,72,6,59,'rocket_weapon_5'),(536,72,6,58,'rocket_weapon_4'),(537,72,6,57,'rocket_weapon_3'),(538,72,6,56,'rocket_weapon_2'),(539,72,6,55,'rocket_weapon_1'),(540,72,6,63,'rocket_weapon_9'),(541,72,6,64,'rocket_weapon_10'),(542,72,6,71,'rocket_weapon_17'),(543,72,6,70,'rocket_weapon_16'),(544,72,6,69,'rocket_weapon_15'),(545,72,6,68,'rocket_weapon_14'),(546,72,6,67,'rocket_weapon_13'),(547,72,6,66,'rocket_weapon_12'),(548,72,6,65,'rocket_weapon_11'),(549,72,7,54,'radar_3'),(550,72,7,53,'radar_2'),(551,72,7,52,'radar_1'),(952,72,14,124,'turret_20'),(953,72,14,113,'turret_9'),(954,72,14,112,'turret_8'),(955,72,14,111,'turret_7'),(956,72,14,110,'turret_6'),(957,72,14,109,'turret_5'),(958,72,14,108,'turret_4'),(959,72,14,107,'turret_3'),(960,72,14,106,'turret_2'),(961,72,14,114,'turret_10'),(962,72,14,115,'turret_11'),(963,72,14,123,'turret_19'),(964,72,14,122,'turret_18'),(965,72,14,121,'turret_17'),(966,72,14,120,'turret_16'),(967,72,14,119,'turret_15'),(968,72,14,118,'turret_14'),(969,72,14,117,'turret_13'),(970,72,14,116,'turret_12'),(971,72,14,105,'turret_1'),(972,72,14,164,'turret_60'),(973,72,14,153,'turret_49'),(974,72,14,152,'turret_48'),(975,72,14,151,'turret_47'),(976,72,14,150,'turret_46'),(977,72,14,149,'turret_45'),(978,72,14,148,'turret_44'),(979,72,14,147,'turret_43'),(980,72,14,146,'turret_42'),(981,72,14,154,'turret_50'),(982,72,14,155,'turret_51'),(983,72,14,163,'turret_59'),(984,72,14,162,'turret_58'),(985,72,14,161,'turret_57'),(986,72,14,160,'turret_56'),(987,72,14,159,'turret_55'),(988,72,14,158,'turret_54'),(989,72,14,157,'turret_53'),(990,72,14,156,'turret_52'),(991,72,14,145,'turret_41'),(992,72,14,144,'turret_40'),(993,72,14,143,'turret_39'),(994,72,14,132,'turret_28'),(995,72,14,131,'turret_27'),(996,72,14,130,'turret_26'),(997,72,14,129,'turret_25'),(998,72,14,128,'turret_24'),(999,72,14,127,'turret_23'),(1000,72,14,126,'turret_22'),(1001,72,14,125,'turret_21'),(1002,72,14,133,'turret_29'),(1003,72,14,134,'turret_30'),(1004,72,14,142,'turret_38'),(1005,72,14,141,'turret_37'),(1006,72,14,140,'turret_36'),(1007,72,14,139,'turret_35'),(1008,72,14,138,'turret_34'),(1009,72,14,137,'turret_33'),(1010,72,14,136,'turret_32'),(1011,72,14,135,'turret_31'),(1012,72,15,1,'armor_1'),(1023,68,20,11,'c1'),(1024,68,20,12,'c2'),(1025,68,20,13,'c3'),(1026,68,20,14,'c4'),(1027,68,20,15,'c5'),(1028,68,20,16,'c6'),(1029,69,20,27,'c1'),(1030,69,20,28,'c2'),(1031,69,20,29,'c3'),(1032,69,20,30,'c4'),(1033,69,20,31,'c5'),(1034,69,20,32,'c6'),(1035,69,20,33,'c7'),(1036,69,20,34,'c8'),(1037,69,20,35,'c9'),(1038,69,20,36,'c10'),(1039,69,20,37,'c11'),(1040,69,20,38,'c12'),(1041,69,20,39,'c13'),(1042,69,20,40,'c14'),(1043,69,20,41,'c15'),(1044,70,20,45,'c1'),(1045,70,20,46,'c2'),(1046,70,20,47,'c3'),(1047,70,20,48,'c4'),(1048,70,20,49,'c5'),(1049,70,20,50,'c6'),(1050,70,20,51,'c7'),(1051,70,20,52,'c8'),(1052,70,20,53,'c9'),(1053,70,20,54,'c10'),(1054,71,20,36,'c7'),(1055,71,20,30,'c1'),(1056,71,20,38,'c9'),(1057,71,20,39,'c10'),(1058,71,20,31,'c2'),(1059,71,20,37,'c8'),(1060,71,20,32,'c3'),(1061,71,20,33,'c4'),(1062,71,20,34,'c5'),(1063,71,20,35,'c6'),(1065,65,1,1,'main_engine'),(1069,65,20,8,'c1'),(1070,65,20,9,'c2'),(1071,65,20,10,'c3'),(1072,65,20,11,'c4'),(1073,61,1,1,'engine'),(1074,61,2,2,'generator'),(1075,61,4,3,'shield'),(1076,61,7,4,'radar'),(1077,61,5,5,'left_blaster'),(1078,61,5,6,'right_blaster'),(1079,61,20,7,'c1'),(1080,65,4,2,'shield'),(1081,65,2,3,'generator'),(1082,65,15,4,'armor'),(1083,65,16,5,'battery'),(1084,65,14,6,'turret'),(1085,65,20,12,'c5'),(1086,65,20,13,'c6'),(1087,65,20,14,'c7'),(1088,65,20,15,'c8'),(1089,66,1,1,'engine'),(1090,66,2,2,'generator'),(1091,66,4,3,'shield'),(1092,66,15,4,'armor'),(1093,66,11,6,'minigun'),(1094,66,5,7,'r_blaster'),(1095,66,5,8,'l_blaster'),(1096,66,6,9,'rocket'),(1097,66,20,10,'c1'),(1098,66,20,11,'c2'),(1099,67,1,1,'engine'),(1100,67,2,2,'generator'),(1101,67,4,3,'shield'),(1102,67,7,4,'radar'),(1103,67,5,5,'l_blaster'),(1104,67,5,6,'r_blaster'),(1105,67,6,7,'l_rocket'),(1106,67,6,8,'r_rocket'),(1107,67,15,9,'armor'),(1108,65,7,7,'radar'),(1109,66,7,5,'radar'),(1110,69,7,7,'radar'),(1111,71,3,12,'generator_5'),(1112,71,3,13,'generator_6'),(1113,75,15,1,'armor_1'),(1114,75,16,2,'battery_1'),(1115,75,16,3,'battery_2'),(1116,75,16,4,'battery_3'),(1117,75,16,5,'battery_4'),(1118,75,20,6,'container_1'),(1119,75,20,7,'container_2'),(1120,75,20,8,'container_3'),(1121,75,20,9,'container_4'),(1122,75,20,10,'container_5'),(1123,75,20,11,'container_6'),(1124,75,20,12,'container_7'),(1125,75,20,13,'container_8'),(1136,75,3,14,'large_generator_1'),(1137,75,3,15,'large_generator_2'),(1138,75,3,16,'large_generator_3'),(1139,75,3,17,'large_generator_4'),(1140,75,3,18,'large_generator_5'),(1141,75,7,19,'radar_1'),(1142,75,7,20,'radar_2'),(1153,75,14,21,'turret_1'),(1154,75,14,22,'turret_2'),(1155,75,14,23,'turret_3'),(1156,75,14,24,'turret_4'),(1157,75,14,25,'turret_5'),(1158,75,14,26,'turret_6'),(1159,75,14,27,'turret_7'),(1160,75,14,28,'turret_8'),(1161,75,14,29,'turret_9'),(1162,75,14,30,'turret_10'),(1163,75,14,31,'turret_11'),(1164,75,14,32,'turret_12'),(1165,75,14,33,'turret_13'),(1166,75,14,34,'turret_14'),(1167,75,14,35,'turret_15'),(1168,75,14,36,'turret_16'),(1169,75,14,37,'turret_17'),(1170,75,14,38,'turret_18'),(1171,75,14,39,'turret_19'),(1172,75,14,40,'turret_20'),(1173,75,18,41,'huge_engine_1'),(1174,75,18,42,'huge_engine_2'),(1175,75,18,43,'huge_engine_3'),(1176,75,18,44,'huge_engine_4'),(1177,75,18,45,'huge_engine_5'),(1178,75,18,46,'huge_engine_6'),(1179,75,6,47,'rocket_weapon_1'),(1180,75,6,48,'rocket_weapon_2'),(1181,75,6,49,'rocket_weapon_3'),(1182,75,6,50,'rocket_weapon_4'),(1183,75,6,51,'rocket_weapon_5'),(1184,75,6,52,'rocket_weapon_6'),(1185,75,6,53,'rocket_weapon_7'),(1186,75,6,54,'rocket_weapon_8'),(1187,75,6,55,'rocket_weapon_9'),(1188,75,6,56,'rocket_weapon_10'),(1189,72,16,165,'battery_1'),(1190,72,16,166,'battery_2'),(1191,72,16,167,'battery_3'),(1192,72,16,168,'battery_4'),(1193,72,16,169,'battery_5'),(1194,72,16,170,'battery_6'),(1195,72,16,171,'battery_7'),(1196,72,16,172,'battery_8'),(1197,72,16,173,'battery_9'),(1198,72,16,174,'battery_10'),(1199,72,16,175,'battery_11'),(1200,72,16,176,'battery_12'),(1201,72,16,177,'battery_13'),(1202,72,16,178,'battery_14'),(1203,72,16,179,'battery_15'),(1204,72,16,180,'battery_16'),(1205,72,16,181,'battery_17'),(1206,72,16,182,'battery_18'),(1207,72,16,183,'battery_19'),(1208,72,16,184,'battery_20'),(1209,72,16,185,'battery_21'),(1210,72,16,186,'battery_22'),(1211,72,16,187,'battery_23'),(1212,72,16,188,'battery_24'),(1213,72,16,189,'battery_25'),(1214,72,16,190,'battery_26'),(1215,72,16,191,'battery_27'),(1216,72,16,192,'battery_28'),(1217,72,16,193,'battery_29'),(1218,72,16,194,'battery_30'),(1219,72,20,195,'container_1'),(1220,72,20,196,'container_2'),(1221,72,20,197,'container_3'),(1222,72,20,198,'container_4'),(1223,72,20,199,'container_5'),(1224,72,20,200,'container_6'),(1225,72,20,201,'container_7'),(1226,72,20,202,'container_8'),(1227,72,20,203,'container_9'),(1228,72,20,204,'container_10'),(1229,72,20,205,'container_11'),(1230,72,20,206,'container_12'),(1231,72,20,207,'container_13'),(1232,72,20,208,'container_14'),(1233,72,20,209,'container_15'),(1234,72,20,210,'container_16'),(1235,72,20,211,'container_17'),(1236,72,20,212,'container_18'),(1237,72,20,213,'container_19'),(1238,72,20,214,'container_20'),(1239,72,20,215,'container_21'),(1240,72,20,216,'container_22'),(1241,72,20,217,'container_23'),(1242,72,20,218,'container_24'),(1243,72,20,219,'container_25'),(1244,72,20,220,'container_26'),(1245,72,20,221,'container_27'),(1246,72,20,222,'container_28'),(1247,72,20,223,'container_29'),(1248,72,20,224,'container_30');
/*!40000 ALTER TABLE `object_type_socket` ENABLE KEYS */;
UNLOCK TABLES;

--
-- Table structure for table `objects`
--

DROP TABLE IF EXISTS `objects`;
/*!40101 SET @saved_cs_client     = @@character_set_client */;
/*!40101 SET character_set_client = utf8 */;
CREATE TABLE `objects` (
  `id` int(11) NOT NULL AUTO_INCREMENT,
  `planet` int(11) DEFAULT NULL,
  `population` int(11) DEFAULT NULL,
  `fraction` varchar(255) DEFAULT NULL,
  `title` varchar(255) DEFAULT NULL,
  `x` float DEFAULT NULL,
  `y` float DEFAULT NULL,
  `aphelion` float DEFAULT NULL,
  `orbital_period` float DEFAULT NULL,
  `angle` float DEFAULT NULL,
  `hull_id` int(11) DEFAULT NULL,
  `user_id` int(11) DEFAULT NULL,
  `active` int(1) DEFAULT NULL,
  `durability` int(11) DEFAULT NULL,
  `attached_to_ship` int(11) DEFAULT NULL,
  `attached_to_socket` int(11) DEFAULT NULL,
  `status` enum('in_space','attached_to','in_container') DEFAULT NULL,
  PRIMARY KEY (`id`),
  KEY `planet` (`planet`),
  KEY `hull_id` (`hull_id`),
  KEY `user_id` (`user_id`),
  CONSTRAINT `objects_ibfk_1` FOREIGN KEY (`planet`) REFERENCES `planets` (`id`),
  CONSTRAINT `objects_ibfk_2` FOREIGN KEY (`hull_id`) REFERENCES `object_type_description` (`id`),
  CONSTRAINT `objects_ibfk_3` FOREIGN KEY (`user_id`) REFERENCES `users` (`id`)
) ENGINE=InnoDB AUTO_INCREMENT=489 DEFAULT CHARSET=utf8;
/*!40101 SET character_set_client = @saved_cs_client */;

--
-- Dumping data for table `objects`
--

LOCK TABLES `objects` WRITE;
/*!40000 ALTER TABLE `objects` DISABLE KEYS */;
INSERT INTO `objects` VALUES (1,5,10000,'EU','Sunrise',NULL,NULL,0,0,0,71,NULL,1,NULL,NULL,NULL,'in_space'),(2,5,20000,'PRC','Horizon',NULL,NULL,0,0,0,71,NULL,NULL,NULL,NULL,NULL,'in_space'),(3,4,4000,'EU','Baikonur',NULL,NULL,0,0,0,71,NULL,NULL,NULL,NULL,NULL,'in_space'),(4,4,10000,'EU','Delta IV',NULL,NULL,0,0,0,71,NULL,NULL,NULL,NULL,NULL,'in_space'),(5,4,20000,'EU','Long March 3B/E',NULL,NULL,0,0,0,71,NULL,NULL,NULL,NULL,NULL,NULL),(6,6,50000,'MA','MU Central',NULL,NULL,0,0,0,71,NULL,NULL,NULL,NULL,NULL,'in_space'),(11,NULL,5500,'AB','S8 Industry',0,0,NULL,NULL,NULL,68,NULL,NULL,55555,NULL,NULL,'in_space'),(15,NULL,30000,'PRC','Titan',NULL,NULL,NULL,NULL,NULL,72,NULL,NULL,NULL,NULL,NULL,'in_space'),(16,4,1000,'EU','Sky Diamond',NULL,NULL,50,1,0.122594,75,NULL,NULL,NULL,NULL,NULL,'in_space'),(17,NULL,NULL,NULL,'',NULL,NULL,NULL,NULL,NULL,19,NULL,NULL,NULL,11,7,NULL),(18,NULL,NULL,NULL,'',NULL,NULL,NULL,NULL,NULL,39,NULL,NULL,NULL,11,9,NULL),(19,NULL,NULL,NULL,'',NULL,NULL,NULL,NULL,NULL,11,NULL,NULL,NULL,11,28,NULL),(20,NULL,NULL,NULL,'',NULL,NULL,NULL,NULL,NULL,10,NULL,NULL,NULL,11,29,NULL),(21,NULL,NULL,NULL,'',NULL,NULL,NULL,NULL,NULL,13,NULL,NULL,NULL,1,440,NULL),(22,NULL,NULL,NULL,'',NULL,NULL,NULL,NULL,NULL,13,NULL,NULL,NULL,3,440,NULL),(23,NULL,NULL,NULL,'',NULL,NULL,NULL,NULL,NULL,14,NULL,NULL,NULL,11,31,NULL),(24,NULL,NULL,NULL,'',NULL,NULL,NULL,NULL,NULL,12,NULL,NULL,NULL,11,30,NULL),(25,NULL,NULL,NULL,'',NULL,NULL,NULL,NULL,NULL,77,NULL,NULL,NULL,11,1023,NULL),(26,NULL,NULL,NULL,'',NULL,NULL,NULL,NULL,NULL,44,NULL,NULL,NULL,11,12,NULL),(27,NULL,NULL,NULL,'',NULL,NULL,NULL,NULL,NULL,40,NULL,NULL,NULL,11,10,NULL),(28,NULL,NULL,NULL,'',NULL,NULL,NULL,NULL,NULL,41,NULL,NULL,NULL,1,412,NULL),(29,NULL,NULL,NULL,'',NULL,NULL,NULL,NULL,NULL,60,NULL,NULL,NULL,11,8,NULL),(30,NULL,NULL,NULL,'',NULL,NULL,NULL,NULL,NULL,77,NULL,NULL,NULL,11,1024,NULL),(31,NULL,NULL,NULL,'',NULL,NULL,NULL,NULL,NULL,77,NULL,NULL,NULL,11,1025,NULL),(32,NULL,NULL,NULL,'',NULL,NULL,NULL,NULL,NULL,77,NULL,NULL,NULL,11,1026,NULL),(33,NULL,NULL,NULL,'',NULL,NULL,NULL,NULL,NULL,15,NULL,NULL,1500,16,1113,'attached_to'),(34,NULL,NULL,NULL,'',NULL,NULL,NULL,NULL,NULL,15,NULL,NULL,1500,2,NULL,'attached_to'),(35,NULL,NULL,NULL,'',NULL,NULL,NULL,NULL,NULL,32,NULL,NULL,500,16,1114,'attached_to'),(36,NULL,NULL,NULL,'',NULL,NULL,NULL,NULL,NULL,77,NULL,NULL,NULL,16,1118,'attached_to'),(37,NULL,NULL,NULL,'',NULL,NULL,NULL,NULL,NULL,32,NULL,NULL,500,16,1115,'attached_to'),(38,NULL,NULL,NULL,'',NULL,NULL,NULL,NULL,NULL,32,NULL,NULL,500,16,1116,'attached_to'),(39,NULL,NULL,NULL,'',NULL,NULL,NULL,NULL,NULL,32,NULL,NULL,500,16,1117,'attached_to'),(40,NULL,NULL,NULL,'',NULL,NULL,NULL,NULL,NULL,77,NULL,NULL,NULL,16,1119,'attached_to'),(41,NULL,NULL,NULL,'',NULL,NULL,NULL,NULL,NULL,77,NULL,NULL,NULL,16,1120,'attached_to'),(42,NULL,NULL,NULL,'',NULL,NULL,NULL,NULL,NULL,77,NULL,NULL,NULL,16,1121,'attached_to'),(43,NULL,NULL,NULL,'',NULL,NULL,NULL,NULL,NULL,77,NULL,NULL,NULL,16,1122,'attached_to'),(44,NULL,NULL,NULL,'',NULL,NULL,NULL,NULL,NULL,77,NULL,NULL,NULL,16,1123,'attached_to'),(45,NULL,NULL,NULL,'',NULL,NULL,NULL,NULL,NULL,77,NULL,NULL,NULL,16,1124,'attached_to'),(46,NULL,NULL,NULL,'',NULL,NULL,NULL,NULL,NULL,77,NULL,NULL,NULL,16,1125,'attached_to'),(47,NULL,NULL,NULL,'',NULL,NULL,NULL,NULL,NULL,16,NULL,NULL,500,1,448,'attached_to'),(48,NULL,NULL,NULL,'',NULL,NULL,NULL,NULL,NULL,45,NULL,NULL,250,NULL,NULL,'attached_to'),(49,NULL,NULL,NULL,'',NULL,NULL,NULL,NULL,NULL,40,NULL,NULL,250,1,413,'attached_to'),(50,NULL,NULL,NULL,'',NULL,NULL,NULL,NULL,NULL,40,NULL,NULL,250,1,414,'attached_to'),(51,NULL,NULL,NULL,'',NULL,NULL,NULL,NULL,NULL,40,NULL,NULL,250,1,415,'attached_to'),(52,NULL,NULL,NULL,'',NULL,NULL,NULL,NULL,NULL,40,NULL,NULL,250,1,416,'attached_to'),(53,NULL,NULL,NULL,'',NULL,NULL,NULL,NULL,NULL,39,NULL,NULL,5000,1,408,'attached_to'),(54,NULL,NULL,NULL,'',NULL,NULL,NULL,NULL,NULL,38,NULL,NULL,5000,1,409,'attached_to'),(55,NULL,NULL,NULL,'',NULL,NULL,NULL,NULL,NULL,38,NULL,NULL,5000,1,410,'attached_to'),(56,NULL,NULL,NULL,'',NULL,NULL,NULL,NULL,NULL,38,NULL,NULL,5000,1,411,'attached_to'),(57,NULL,NULL,NULL,'',NULL,NULL,NULL,NULL,NULL,37,NULL,NULL,5000,1,1111,'attached_to'),(58,NULL,NULL,NULL,'',NULL,NULL,NULL,NULL,NULL,39,NULL,NULL,5000,1,1112,'attached_to'),(59,NULL,NULL,NULL,'',NULL,NULL,NULL,NULL,NULL,11,NULL,NULL,500,1,441,'attached_to'),(60,NULL,NULL,NULL,'',NULL,NULL,NULL,NULL,NULL,11,NULL,NULL,500,1,442,'attached_to'),(61,NULL,NULL,NULL,'',NULL,NULL,NULL,NULL,NULL,11,NULL,NULL,500,1,443,'attached_to'),(62,NULL,NULL,NULL,'',NULL,NULL,NULL,NULL,NULL,12,NULL,NULL,500,1,444,'attached_to'),(63,NULL,NULL,NULL,'',NULL,NULL,NULL,NULL,NULL,10,NULL,NULL,400,1,445,'attached_to'),(64,NULL,NULL,NULL,'',NULL,NULL,NULL,NULL,NULL,12,NULL,NULL,500,1,446,'attached_to'),(65,NULL,NULL,NULL,'',NULL,NULL,NULL,NULL,NULL,32,NULL,NULL,500,1,388,'attached_to'),(66,NULL,NULL,NULL,'',NULL,NULL,NULL,NULL,NULL,32,NULL,NULL,500,1,389,'attached_to'),(67,NULL,NULL,NULL,'',NULL,NULL,NULL,NULL,NULL,32,NULL,NULL,500,1,390,'attached_to'),(68,NULL,NULL,NULL,'',NULL,NULL,NULL,NULL,NULL,77,NULL,NULL,NULL,1,1055,'attached_to'),(69,NULL,NULL,NULL,'',NULL,NULL,NULL,NULL,NULL,77,NULL,NULL,NULL,1,1058,'attached_to'),(70,NULL,NULL,NULL,'',NULL,NULL,NULL,NULL,NULL,77,NULL,NULL,NULL,1,1060,'attached_to'),(71,NULL,NULL,NULL,'',NULL,NULL,NULL,NULL,NULL,77,NULL,NULL,NULL,1,1061,'attached_to'),(72,NULL,NULL,NULL,'',NULL,NULL,NULL,NULL,NULL,77,NULL,NULL,NULL,1,1062,'attached_to'),(73,NULL,NULL,NULL,'',NULL,NULL,NULL,NULL,NULL,77,NULL,NULL,NULL,1,1063,'attached_to'),(74,NULL,NULL,NULL,'',NULL,NULL,NULL,NULL,NULL,77,NULL,NULL,NULL,1,1054,'attached_to'),(75,NULL,NULL,NULL,'',NULL,NULL,NULL,NULL,NULL,77,NULL,NULL,NULL,1,NULL,'attached_to'),(76,NULL,NULL,NULL,'',NULL,NULL,NULL,NULL,NULL,77,NULL,NULL,NULL,1,NULL,'attached_to'),(77,NULL,NULL,NULL,'',NULL,NULL,NULL,NULL,NULL,77,NULL,NULL,NULL,1,NULL,'attached_to'),(78,NULL,NULL,NULL,'',NULL,NULL,NULL,NULL,NULL,45,NULL,NULL,150,2,417,'attached_to'),(79,NULL,NULL,NULL,'',NULL,NULL,NULL,NULL,NULL,40,NULL,NULL,250,2,412,'attached_to'),(80,NULL,NULL,NULL,'',NULL,NULL,NULL,NULL,NULL,44,NULL,NULL,250,4,417,'attached_to'),(81,NULL,NULL,NULL,'',NULL,NULL,NULL,NULL,NULL,45,NULL,NULL,150,NULL,NULL,'attached_to'),(82,NULL,NULL,NULL,'',NULL,NULL,NULL,NULL,NULL,42,NULL,NULL,250,1,417,'attached_to'),(83,NULL,NULL,NULL,'',NULL,NULL,NULL,NULL,NULL,44,NULL,NULL,250,3,417,'attached_to'),(84,NULL,NULL,NULL,'',NULL,NULL,NULL,NULL,NULL,40,NULL,NULL,250,3,412,'attached_to'),(85,NULL,NULL,NULL,'',NULL,NULL,NULL,NULL,NULL,40,NULL,NULL,250,3,413,'attached_to'),(86,NULL,NULL,NULL,'',NULL,NULL,NULL,NULL,NULL,40,NULL,NULL,250,3,414,'attached_to'),(87,NULL,NULL,NULL,'',NULL,NULL,NULL,NULL,NULL,40,NULL,NULL,250,3,415,'attached_to'),(88,NULL,NULL,NULL,'',NULL,NULL,NULL,NULL,NULL,40,NULL,NULL,250,3,416,'attached_to'),(89,NULL,NULL,NULL,'',NULL,NULL,NULL,NULL,NULL,39,NULL,NULL,5000,3,408,'attached_to'),(90,NULL,NULL,NULL,'',NULL,NULL,NULL,NULL,NULL,39,NULL,NULL,5000,3,409,'attached_to'),(91,NULL,NULL,NULL,'',NULL,NULL,NULL,NULL,NULL,39,NULL,NULL,5000,3,410,'attached_to'),(92,NULL,NULL,NULL,'',NULL,NULL,NULL,NULL,NULL,39,NULL,NULL,5000,3,411,'attached_to'),(93,NULL,NULL,NULL,'',NULL,NULL,NULL,NULL,NULL,39,NULL,NULL,5000,3,1111,'attached_to'),(94,NULL,NULL,NULL,'',NULL,NULL,NULL,NULL,NULL,39,NULL,NULL,5000,3,1112,'attached_to'),(95,NULL,NULL,NULL,'',NULL,NULL,NULL,NULL,NULL,13,NULL,NULL,350,3,441,'attached_to'),(96,NULL,NULL,NULL,'',NULL,NULL,NULL,NULL,NULL,12,NULL,NULL,500,3,442,'attached_to'),(97,NULL,NULL,NULL,'',NULL,NULL,NULL,NULL,NULL,14,NULL,NULL,500,3,443,'attached_to'),(98,NULL,NULL,NULL,'',NULL,NULL,NULL,NULL,NULL,14,NULL,NULL,500,3,444,'attached_to'),(99,NULL,NULL,NULL,'',NULL,NULL,NULL,NULL,NULL,14,NULL,NULL,500,3,445,'attached_to'),(100,NULL,NULL,NULL,'',NULL,NULL,NULL,NULL,NULL,11,NULL,NULL,500,3,446,'attached_to'),(101,NULL,NULL,NULL,'',NULL,NULL,NULL,NULL,NULL,11,NULL,NULL,500,3,447,'attached_to'),(102,NULL,NULL,NULL,'',NULL,NULL,NULL,NULL,NULL,11,NULL,NULL,500,3,438,'attached_to'),(103,NULL,NULL,NULL,'',NULL,NULL,NULL,NULL,NULL,11,NULL,NULL,500,3,439,'attached_to'),(104,NULL,NULL,NULL,'',NULL,NULL,NULL,NULL,NULL,32,NULL,NULL,500,3,388,'attached_to'),(105,NULL,NULL,NULL,'',NULL,NULL,NULL,NULL,NULL,32,NULL,NULL,500,3,389,'attached_to'),(106,NULL,NULL,NULL,'',NULL,NULL,NULL,NULL,NULL,32,NULL,NULL,500,3,390,'attached_to'),(107,NULL,NULL,NULL,'',NULL,NULL,NULL,NULL,NULL,32,NULL,NULL,500,3,391,'attached_to'),(108,NULL,NULL,NULL,'',NULL,NULL,NULL,NULL,NULL,32,NULL,NULL,500,3,392,'attached_to'),(109,NULL,NULL,NULL,'',NULL,NULL,NULL,NULL,NULL,32,NULL,NULL,500,3,393,'attached_to'),(110,NULL,NULL,NULL,'',NULL,NULL,NULL,NULL,NULL,77,NULL,NULL,NULL,3,1055,'attached_to'),(111,NULL,NULL,NULL,'',NULL,NULL,NULL,NULL,NULL,77,NULL,NULL,NULL,3,1058,'attached_to'),(112,NULL,NULL,NULL,'',NULL,NULL,NULL,NULL,NULL,77,NULL,NULL,NULL,3,1060,'attached_to'),(113,NULL,NULL,NULL,'',NULL,NULL,NULL,NULL,NULL,77,NULL,NULL,NULL,3,1061,'attached_to'),(114,NULL,NULL,NULL,'',NULL,NULL,NULL,NULL,NULL,77,NULL,NULL,NULL,3,1062,'attached_to'),(115,NULL,NULL,NULL,'',NULL,NULL,NULL,NULL,NULL,77,NULL,NULL,NULL,3,1063,'attached_to'),(116,NULL,NULL,NULL,'',NULL,NULL,NULL,NULL,NULL,77,NULL,NULL,NULL,3,1054,'attached_to'),(117,NULL,NULL,NULL,'',NULL,NULL,NULL,NULL,NULL,77,NULL,NULL,NULL,3,1059,'attached_to'),(118,NULL,NULL,NULL,'',NULL,NULL,NULL,NULL,NULL,77,NULL,NULL,NULL,3,1056,'attached_to'),(119,NULL,NULL,NULL,'',NULL,NULL,NULL,NULL,NULL,77,NULL,NULL,NULL,3,1057,'attached_to'),(120,NULL,NULL,NULL,'',NULL,NULL,NULL,NULL,NULL,78,NULL,NULL,2000,4,448,'attached_to'),(121,NULL,NULL,NULL,'',NULL,NULL,NULL,NULL,NULL,40,NULL,NULL,250,4,412,'attached_to'),(122,NULL,NULL,NULL,'',NULL,NULL,NULL,NULL,NULL,40,NULL,NULL,250,4,413,'attached_to'),(123,NULL,NULL,NULL,'',NULL,NULL,NULL,NULL,NULL,40,NULL,NULL,250,4,414,'attached_to'),(124,NULL,NULL,NULL,'',NULL,NULL,NULL,NULL,NULL,40,NULL,NULL,250,4,415,'attached_to'),(125,NULL,NULL,NULL,'',NULL,NULL,NULL,NULL,NULL,39,NULL,NULL,5000,4,408,'attached_to'),(126,NULL,NULL,NULL,'',NULL,NULL,NULL,NULL,NULL,39,NULL,NULL,5000,4,409,'attached_to'),(127,NULL,NULL,NULL,'',NULL,NULL,NULL,NULL,NULL,39,NULL,NULL,5000,4,410,'attached_to'),(128,NULL,NULL,NULL,'',NULL,NULL,NULL,NULL,NULL,38,NULL,NULL,5000,4,411,'attached_to'),(129,NULL,NULL,NULL,'',NULL,NULL,NULL,NULL,NULL,38,NULL,NULL,5000,4,1111,'attached_to'),(130,NULL,NULL,NULL,'',NULL,NULL,NULL,NULL,NULL,11,NULL,NULL,500,4,440,'attached_to'),(131,NULL,NULL,NULL,'',NULL,NULL,NULL,NULL,NULL,11,NULL,NULL,500,4,441,'attached_to'),(132,NULL,NULL,NULL,'',NULL,NULL,NULL,NULL,NULL,14,NULL,NULL,500,4,442,'attached_to'),(133,NULL,NULL,NULL,'',NULL,NULL,NULL,NULL,NULL,14,NULL,NULL,500,4,443,'attached_to'),(134,NULL,NULL,NULL,'',NULL,NULL,NULL,NULL,NULL,11,NULL,NULL,500,4,444,'attached_to'),(135,NULL,NULL,NULL,'',NULL,NULL,NULL,NULL,NULL,11,NULL,NULL,500,4,445,'attached_to'),(136,NULL,NULL,NULL,'',NULL,NULL,NULL,NULL,NULL,32,NULL,NULL,500,4,388,'attached_to'),(137,NULL,NULL,NULL,'',NULL,NULL,NULL,NULL,NULL,32,NULL,NULL,500,4,389,'attached_to'),(138,NULL,NULL,NULL,'',NULL,NULL,NULL,NULL,NULL,82,NULL,NULL,NULL,4,1055,'attached_to'),(139,NULL,NULL,NULL,'',NULL,NULL,NULL,NULL,NULL,82,NULL,NULL,NULL,4,1058,'attached_to'),(140,NULL,NULL,NULL,'',NULL,NULL,NULL,NULL,NULL,82,NULL,NULL,NULL,4,1060,'attached_to'),(141,NULL,NULL,NULL,'',NULL,NULL,NULL,NULL,NULL,82,NULL,NULL,NULL,4,1061,'attached_to'),(142,NULL,NULL,NULL,'',NULL,NULL,NULL,NULL,NULL,77,NULL,NULL,NULL,4,1062,'attached_to'),(143,NULL,NULL,NULL,'',NULL,NULL,NULL,NULL,NULL,77,NULL,NULL,NULL,4,1063,'attached_to'),(144,NULL,NULL,NULL,'',NULL,NULL,NULL,NULL,NULL,77,NULL,NULL,NULL,4,1054,'attached_to'),(145,NULL,NULL,NULL,'',NULL,NULL,NULL,NULL,NULL,77,NULL,NULL,NULL,4,1059,'attached_to'),(146,NULL,NULL,NULL,'',NULL,NULL,NULL,NULL,NULL,39,NULL,NULL,5000,16,1136,'attached_to'),(147,NULL,NULL,NULL,'',NULL,NULL,NULL,NULL,NULL,39,NULL,NULL,5000,16,1137,'attached_to'),(148,NULL,NULL,NULL,'',NULL,NULL,NULL,NULL,NULL,39,NULL,NULL,5000,16,1138,'attached_to'),(149,NULL,NULL,NULL,'',NULL,NULL,NULL,NULL,NULL,39,NULL,NULL,5000,16,1139,'attached_to'),(150,NULL,NULL,NULL,'',NULL,NULL,NULL,NULL,NULL,39,NULL,NULL,5000,16,1140,'attached_to'),(151,NULL,NULL,NULL,'',NULL,NULL,NULL,NULL,NULL,44,NULL,NULL,250,16,1141,'attached_to'),(152,NULL,NULL,NULL,'',NULL,NULL,NULL,NULL,NULL,44,NULL,NULL,250,16,1142,'attached_to'),(153,NULL,NULL,NULL,'',NULL,NULL,NULL,NULL,NULL,13,NULL,NULL,350,16,1153,'attached_to'),(154,NULL,NULL,NULL,'',NULL,NULL,NULL,NULL,NULL,13,NULL,NULL,350,16,1154,'attached_to'),(155,NULL,NULL,NULL,'',NULL,NULL,NULL,NULL,NULL,14,NULL,NULL,500,16,1155,'attached_to'),(156,NULL,NULL,NULL,'',NULL,NULL,NULL,NULL,NULL,14,NULL,NULL,500,16,1156,'attached_to'),(157,NULL,NULL,NULL,'',NULL,NULL,NULL,NULL,NULL,14,NULL,NULL,500,16,1157,'attached_to'),(158,NULL,NULL,NULL,'',NULL,NULL,NULL,NULL,NULL,14,NULL,NULL,500,16,1158,'attached_to'),(159,NULL,NULL,NULL,'',NULL,NULL,NULL,NULL,NULL,12,NULL,NULL,500,16,1159,'attached_to'),(160,NULL,NULL,NULL,'',NULL,NULL,NULL,NULL,NULL,12,NULL,NULL,500,16,1160,'attached_to'),(161,NULL,NULL,NULL,'',NULL,NULL,NULL,NULL,NULL,12,NULL,NULL,500,16,1161,'attached_to'),(162,NULL,NULL,NULL,'',NULL,NULL,NULL,NULL,NULL,13,NULL,NULL,350,16,1162,'attached_to'),(163,NULL,NULL,NULL,'',NULL,NULL,NULL,NULL,NULL,13,NULL,NULL,350,16,1163,'attached_to'),(164,NULL,NULL,NULL,'',NULL,NULL,NULL,NULL,NULL,14,NULL,NULL,500,16,1164,'attached_to'),(165,NULL,NULL,NULL,'',NULL,NULL,NULL,NULL,NULL,14,NULL,NULL,500,16,1165,'attached_to'),(166,NULL,NULL,NULL,'',NULL,NULL,NULL,NULL,NULL,14,NULL,NULL,500,16,1166,'attached_to'),(167,NULL,NULL,NULL,'',NULL,NULL,NULL,NULL,NULL,14,NULL,NULL,500,16,1167,'attached_to'),(168,NULL,NULL,NULL,'',NULL,NULL,NULL,NULL,NULL,14,NULL,NULL,500,16,1168,'attached_to'),(169,NULL,NULL,NULL,'',NULL,NULL,NULL,NULL,NULL,14,NULL,NULL,500,16,1169,'attached_to'),(170,NULL,NULL,NULL,'',NULL,NULL,NULL,NULL,NULL,14,NULL,NULL,500,16,1170,'attached_to'),(171,NULL,NULL,NULL,'',NULL,NULL,NULL,NULL,NULL,14,NULL,NULL,500,16,1171,'attached_to'),(172,NULL,NULL,NULL,'',NULL,NULL,NULL,NULL,NULL,14,NULL,NULL,500,16,1172,'attached_to'),(173,NULL,NULL,NULL,'',NULL,NULL,NULL,NULL,NULL,60,NULL,NULL,1500,16,1173,'attached_to'),(174,NULL,NULL,NULL,'',NULL,NULL,NULL,NULL,NULL,60,NULL,NULL,1500,16,1174,'attached_to'),(175,NULL,NULL,NULL,'',NULL,NULL,NULL,NULL,NULL,60,NULL,NULL,1500,16,1175,'attached_to'),(176,NULL,NULL,NULL,'',NULL,NULL,NULL,NULL,NULL,60,NULL,NULL,1500,16,1176,'attached_to'),(177,NULL,NULL,NULL,'',NULL,NULL,NULL,NULL,NULL,60,NULL,NULL,1500,16,1177,'attached_to'),(178,NULL,NULL,NULL,'',NULL,NULL,NULL,NULL,NULL,60,NULL,NULL,1500,16,1178,'attached_to'),(179,NULL,NULL,NULL,'',NULL,NULL,NULL,NULL,NULL,40,NULL,NULL,250,16,1179,'attached_to'),(180,NULL,NULL,NULL,'',NULL,NULL,NULL,NULL,NULL,40,NULL,NULL,250,16,1180,'attached_to'),(181,NULL,NULL,NULL,'',NULL,NULL,NULL,NULL,NULL,40,NULL,NULL,250,16,1181,'attached_to'),(182,NULL,NULL,NULL,'',NULL,NULL,NULL,NULL,NULL,40,NULL,NULL,250,16,1182,'attached_to'),(183,NULL,NULL,NULL,'',NULL,NULL,NULL,NULL,NULL,40,NULL,NULL,250,16,1183,'attached_to'),(184,NULL,NULL,NULL,'',NULL,NULL,NULL,NULL,NULL,40,NULL,NULL,250,16,1184,'attached_to'),(185,NULL,NULL,NULL,'',NULL,NULL,NULL,NULL,NULL,83,NULL,NULL,500,16,1185,'attached_to'),(186,NULL,NULL,NULL,'',NULL,NULL,NULL,NULL,NULL,83,NULL,NULL,500,16,1186,'attached_to'),(187,NULL,NULL,NULL,'',NULL,NULL,NULL,NULL,NULL,83,NULL,NULL,500,16,1187,'attached_to'),(188,NULL,NULL,NULL,'',NULL,NULL,NULL,NULL,NULL,83,NULL,NULL,500,16,1188,'attached_to'),(189,NULL,NULL,NULL,'',NULL,NULL,NULL,NULL,NULL,78,NULL,NULL,2000,NULL,NULL,'attached_to'),(190,NULL,NULL,NULL,'',NULL,NULL,NULL,NULL,NULL,44,NULL,NULL,250,NULL,NULL,'attached_to'),(191,NULL,NULL,NULL,'',NULL,NULL,NULL,NULL,NULL,78,NULL,NULL,2000,15,NULL,'attached_to'),(192,NULL,NULL,NULL,'',NULL,NULL,NULL,NULL,NULL,59,NULL,NULL,1200,15,478,'attached_to'),(193,NULL,NULL,NULL,'',NULL,NULL,NULL,NULL,NULL,59,NULL,NULL,1200,15,477,'attached_to'),(194,NULL,NULL,NULL,'',NULL,NULL,NULL,NULL,NULL,59,NULL,NULL,1200,15,476,'attached_to'),(195,NULL,NULL,NULL,'',NULL,NULL,NULL,NULL,NULL,59,NULL,NULL,1200,15,475,'attached_to'),(196,NULL,NULL,NULL,'',NULL,NULL,NULL,NULL,NULL,59,NULL,NULL,1200,15,474,'attached_to'),(197,NULL,NULL,NULL,'',NULL,NULL,NULL,NULL,NULL,59,NULL,NULL,1200,15,473,'attached_to'),(198,NULL,NULL,NULL,'',NULL,NULL,NULL,NULL,NULL,59,NULL,NULL,1200,15,472,'attached_to'),(199,NULL,NULL,NULL,'',NULL,NULL,NULL,NULL,NULL,59,NULL,NULL,1200,15,471,'attached_to'),(200,NULL,NULL,NULL,'',NULL,NULL,NULL,NULL,NULL,59,NULL,NULL,1200,15,470,'attached_to'),(201,NULL,NULL,NULL,'',NULL,NULL,NULL,NULL,NULL,59,NULL,NULL,1200,15,469,'attached_to'),(202,NULL,NULL,NULL,'',NULL,NULL,NULL,NULL,NULL,59,NULL,NULL,1200,15,468,'attached_to'),(203,NULL,NULL,NULL,'',NULL,NULL,NULL,NULL,NULL,59,NULL,NULL,1200,15,457,'attached_to'),(204,NULL,NULL,NULL,'',NULL,NULL,NULL,NULL,NULL,59,NULL,NULL,1200,15,456,'attached_to'),(205,NULL,NULL,NULL,'',NULL,NULL,NULL,NULL,NULL,59,NULL,NULL,1200,15,455,'attached_to'),(206,NULL,NULL,NULL,'',NULL,NULL,NULL,NULL,NULL,59,NULL,NULL,1200,15,454,'attached_to'),(207,NULL,NULL,NULL,'',NULL,NULL,NULL,NULL,NULL,59,NULL,NULL,1200,15,453,'attached_to'),(208,NULL,NULL,NULL,'',NULL,NULL,NULL,NULL,NULL,59,NULL,NULL,1200,15,452,'attached_to'),(209,NULL,NULL,NULL,'',NULL,NULL,NULL,NULL,NULL,59,NULL,NULL,1200,15,451,'attached_to'),(210,NULL,NULL,NULL,'',NULL,NULL,NULL,NULL,NULL,59,NULL,NULL,1200,15,450,'attached_to'),(211,NULL,NULL,NULL,'',NULL,NULL,NULL,NULL,NULL,59,NULL,NULL,1200,15,458,'attached_to'),(212,NULL,NULL,NULL,'',NULL,NULL,NULL,NULL,NULL,59,NULL,NULL,1200,15,459,'attached_to'),(213,NULL,NULL,NULL,'',NULL,NULL,NULL,NULL,NULL,59,NULL,NULL,1200,15,467,'attached_to'),(214,NULL,NULL,NULL,'',NULL,NULL,NULL,NULL,NULL,59,NULL,NULL,1200,15,466,'attached_to'),(215,NULL,NULL,NULL,'',NULL,NULL,NULL,NULL,NULL,59,NULL,NULL,1200,15,465,'attached_to'),(216,NULL,NULL,NULL,'',NULL,NULL,NULL,NULL,NULL,59,NULL,NULL,1200,15,464,'attached_to'),(217,NULL,NULL,NULL,'',NULL,NULL,NULL,NULL,NULL,59,NULL,NULL,1200,15,463,'attached_to'),(218,NULL,NULL,NULL,'',NULL,NULL,NULL,NULL,NULL,59,NULL,NULL,1200,15,462,'attached_to'),(219,NULL,NULL,NULL,'',NULL,NULL,NULL,NULL,NULL,59,NULL,NULL,1200,15,461,'attached_to'),(220,NULL,NULL,NULL,'',NULL,NULL,NULL,NULL,NULL,59,NULL,NULL,1200,15,460,'attached_to'),(221,NULL,NULL,NULL,'',NULL,NULL,NULL,NULL,NULL,59,NULL,NULL,1200,15,449,'attached_to'),(222,NULL,NULL,NULL,'',NULL,NULL,NULL,NULL,NULL,38,NULL,NULL,5000,15,489,'attached_to'),(223,NULL,NULL,NULL,'',NULL,NULL,NULL,NULL,NULL,38,NULL,NULL,5000,15,479,'attached_to'),(224,NULL,NULL,NULL,'',NULL,NULL,NULL,NULL,NULL,38,NULL,NULL,5000,15,480,'attached_to'),(225,NULL,NULL,NULL,'',NULL,NULL,NULL,NULL,NULL,38,NULL,NULL,5000,15,488,'attached_to'),(226,NULL,NULL,NULL,'',NULL,NULL,NULL,NULL,NULL,38,NULL,NULL,5000,15,487,'attached_to'),(227,NULL,NULL,NULL,'',NULL,NULL,NULL,NULL,NULL,38,NULL,NULL,5000,15,486,'attached_to'),(228,NULL,NULL,NULL,'',NULL,NULL,NULL,NULL,NULL,38,NULL,NULL,5000,15,485,'attached_to'),(229,NULL,NULL,NULL,'',NULL,NULL,NULL,NULL,NULL,38,NULL,NULL,5000,15,484,'attached_to'),(230,NULL,NULL,NULL,'',NULL,NULL,NULL,NULL,NULL,38,NULL,NULL,5000,15,483,'attached_to'),(231,NULL,NULL,NULL,'',NULL,NULL,NULL,NULL,NULL,38,NULL,NULL,5000,15,482,'attached_to'),(232,NULL,NULL,NULL,'',NULL,NULL,NULL,NULL,NULL,38,NULL,NULL,5000,15,481,'attached_to'),(233,NULL,NULL,NULL,'',NULL,NULL,NULL,NULL,NULL,38,NULL,NULL,5000,15,498,'attached_to'),(234,NULL,NULL,NULL,'',NULL,NULL,NULL,NULL,NULL,38,NULL,NULL,5000,15,497,'attached_to'),(235,NULL,NULL,NULL,'',NULL,NULL,NULL,NULL,NULL,38,NULL,NULL,5000,15,496,'attached_to'),(236,NULL,NULL,NULL,'',NULL,NULL,NULL,NULL,NULL,38,NULL,NULL,5000,15,495,'attached_to'),(237,NULL,NULL,NULL,'',NULL,NULL,NULL,NULL,NULL,38,NULL,NULL,5000,15,494,'attached_to'),(238,NULL,NULL,NULL,'',NULL,NULL,NULL,NULL,NULL,38,NULL,NULL,5000,15,493,'attached_to'),(239,NULL,NULL,NULL,'',NULL,NULL,NULL,NULL,NULL,38,NULL,NULL,5000,15,492,'attached_to'),(240,NULL,NULL,NULL,'',NULL,NULL,NULL,NULL,NULL,38,NULL,NULL,5000,15,491,'attached_to'),(241,NULL,NULL,NULL,'',NULL,NULL,NULL,NULL,NULL,38,NULL,NULL,5000,15,490,'attached_to'),(242,NULL,NULL,NULL,'',NULL,NULL,NULL,NULL,NULL,44,NULL,NULL,250,15,551,'attached_to'),(243,NULL,NULL,NULL,'',NULL,NULL,NULL,NULL,NULL,44,NULL,NULL,250,15,550,'attached_to'),(244,NULL,NULL,NULL,'',NULL,NULL,NULL,NULL,NULL,44,NULL,NULL,250,15,549,'attached_to'),(245,NULL,NULL,NULL,'',NULL,NULL,NULL,NULL,NULL,83,NULL,NULL,500,15,539,'attached_to'),(246,NULL,NULL,NULL,'',NULL,NULL,NULL,NULL,NULL,83,NULL,NULL,500,15,538,'attached_to'),(247,NULL,NULL,NULL,'',NULL,NULL,NULL,NULL,NULL,83,NULL,NULL,500,15,537,'attached_to'),(248,NULL,NULL,NULL,'',NULL,NULL,NULL,NULL,NULL,83,NULL,NULL,500,15,536,'attached_to'),(249,NULL,NULL,NULL,'',NULL,NULL,NULL,NULL,NULL,83,NULL,NULL,500,15,535,'attached_to'),(250,NULL,NULL,NULL,'',NULL,NULL,NULL,NULL,NULL,83,NULL,NULL,500,15,534,'attached_to'),(251,NULL,NULL,NULL,'',NULL,NULL,NULL,NULL,NULL,83,NULL,NULL,500,15,533,'attached_to'),(252,NULL,NULL,NULL,'',NULL,NULL,NULL,NULL,NULL,83,NULL,NULL,500,15,532,'attached_to'),(253,NULL,NULL,NULL,'',NULL,NULL,NULL,NULL,NULL,83,NULL,NULL,500,15,540,'attached_to'),(254,NULL,NULL,NULL,'',NULL,NULL,NULL,NULL,NULL,83,NULL,NULL,500,15,541,'attached_to'),(255,NULL,NULL,NULL,'',NULL,NULL,NULL,NULL,NULL,83,NULL,NULL,500,15,548,'attached_to'),(256,NULL,NULL,NULL,'',NULL,NULL,NULL,NULL,NULL,83,NULL,NULL,500,15,547,'attached_to'),(257,NULL,NULL,NULL,'',NULL,NULL,NULL,NULL,NULL,83,NULL,NULL,500,15,546,'attached_to'),(258,NULL,NULL,NULL,'',NULL,NULL,NULL,NULL,NULL,83,NULL,NULL,500,15,545,'attached_to'),(259,NULL,NULL,NULL,'',NULL,NULL,NULL,NULL,NULL,83,NULL,NULL,500,15,544,'attached_to'),(260,NULL,NULL,NULL,'',NULL,NULL,NULL,NULL,NULL,83,NULL,NULL,500,15,543,'attached_to'),(261,NULL,NULL,NULL,'',NULL,NULL,NULL,NULL,NULL,83,NULL,NULL,500,15,542,'attached_to'),(262,NULL,NULL,NULL,'',NULL,NULL,NULL,NULL,NULL,83,NULL,NULL,500,15,531,'attached_to'),(263,NULL,NULL,NULL,'',NULL,NULL,NULL,NULL,NULL,83,NULL,NULL,500,15,530,'attached_to'),(264,NULL,NULL,NULL,'',NULL,NULL,NULL,NULL,NULL,83,NULL,NULL,500,15,519,'attached_to'),(265,NULL,NULL,NULL,'',NULL,NULL,NULL,NULL,NULL,41,NULL,NULL,300,15,518,'attached_to'),(266,NULL,NULL,NULL,'',NULL,NULL,NULL,NULL,NULL,41,NULL,NULL,300,15,517,'attached_to'),(267,NULL,NULL,NULL,'',NULL,NULL,NULL,NULL,NULL,41,NULL,NULL,300,15,516,'attached_to'),(268,NULL,NULL,NULL,'',NULL,NULL,NULL,NULL,NULL,41,NULL,NULL,300,15,515,'attached_to'),(269,NULL,NULL,NULL,'',NULL,NULL,NULL,NULL,NULL,41,NULL,NULL,300,15,514,'attached_to'),(270,NULL,NULL,NULL,'',NULL,NULL,NULL,NULL,NULL,41,NULL,NULL,300,15,513,'attached_to'),(271,NULL,NULL,NULL,'',NULL,NULL,NULL,NULL,NULL,41,NULL,NULL,300,15,512,'attached_to'),(272,NULL,NULL,NULL,'',NULL,NULL,NULL,NULL,NULL,41,NULL,NULL,300,15,520,'attached_to'),(273,NULL,NULL,NULL,'',NULL,NULL,NULL,NULL,NULL,41,NULL,NULL,300,15,521,'attached_to'),(274,NULL,NULL,NULL,'',NULL,NULL,NULL,NULL,NULL,41,NULL,NULL,300,15,529,'attached_to'),(275,NULL,NULL,NULL,'',NULL,NULL,NULL,NULL,NULL,41,NULL,NULL,300,15,528,'attached_to'),(276,NULL,NULL,NULL,'',NULL,NULL,NULL,NULL,NULL,41,NULL,NULL,300,15,527,'attached_to'),(277,NULL,NULL,NULL,'',NULL,NULL,NULL,NULL,NULL,41,NULL,NULL,300,15,526,'attached_to'),(278,NULL,NULL,NULL,'',NULL,NULL,NULL,NULL,NULL,41,NULL,NULL,300,15,525,'attached_to'),(279,NULL,NULL,NULL,'',NULL,NULL,NULL,NULL,NULL,41,NULL,NULL,300,15,524,'attached_to'),(280,NULL,NULL,NULL,'',NULL,NULL,NULL,NULL,NULL,41,NULL,NULL,300,15,523,'attached_to'),(281,NULL,NULL,NULL,'',NULL,NULL,NULL,NULL,NULL,83,NULL,NULL,500,15,522,'attached_to'),(282,NULL,NULL,NULL,'',NULL,NULL,NULL,NULL,NULL,83,NULL,NULL,500,15,511,'attached_to'),(283,NULL,NULL,NULL,'',NULL,NULL,NULL,NULL,NULL,83,NULL,NULL,500,15,510,'attached_to'),(284,NULL,NULL,NULL,'',NULL,NULL,NULL,NULL,NULL,83,NULL,NULL,300,15,509,'attached_to'),(285,NULL,NULL,NULL,'',NULL,NULL,NULL,NULL,NULL,83,NULL,NULL,500,15,499,'attached_to'),(286,NULL,NULL,NULL,'',NULL,NULL,NULL,NULL,NULL,83,NULL,NULL,500,15,500,'attached_to'),(287,NULL,NULL,NULL,'',NULL,NULL,NULL,NULL,NULL,83,NULL,NULL,500,15,508,'attached_to'),(288,NULL,NULL,NULL,'',NULL,NULL,NULL,NULL,NULL,83,NULL,NULL,500,15,507,'attached_to'),(289,NULL,NULL,NULL,'',NULL,NULL,NULL,NULL,NULL,83,NULL,NULL,500,15,506,'attached_to'),(290,NULL,NULL,NULL,'',NULL,NULL,NULL,NULL,NULL,83,NULL,NULL,500,15,505,'attached_to'),(291,NULL,NULL,NULL,'',NULL,NULL,NULL,NULL,NULL,83,NULL,NULL,500,15,504,'attached_to'),(292,NULL,NULL,NULL,'',NULL,NULL,NULL,NULL,NULL,83,NULL,NULL,500,15,503,'attached_to'),(293,NULL,NULL,NULL,'',NULL,NULL,NULL,NULL,NULL,83,NULL,NULL,500,15,502,'attached_to'),(294,NULL,NULL,NULL,'',NULL,NULL,NULL,NULL,NULL,83,NULL,NULL,500,15,501,'attached_to'),(295,NULL,NULL,NULL,'',NULL,NULL,NULL,NULL,NULL,14,NULL,NULL,500,15,971,'attached_to'),(296,NULL,NULL,NULL,'',NULL,NULL,NULL,NULL,NULL,14,NULL,NULL,500,15,954,'attached_to'),(297,NULL,NULL,NULL,'',NULL,NULL,NULL,NULL,NULL,14,NULL,NULL,500,15,960,'attached_to'),(298,NULL,NULL,NULL,'',NULL,NULL,NULL,NULL,NULL,14,NULL,NULL,500,15,959,'attached_to'),(299,NULL,NULL,NULL,'',NULL,NULL,NULL,NULL,NULL,14,NULL,NULL,500,15,958,'attached_to'),(300,NULL,NULL,NULL,'',NULL,NULL,NULL,NULL,NULL,14,NULL,NULL,500,15,957,'attached_to'),(301,NULL,NULL,NULL,'',NULL,NULL,NULL,NULL,NULL,14,NULL,NULL,500,15,956,'attached_to'),(302,NULL,NULL,NULL,'',NULL,NULL,NULL,NULL,NULL,14,NULL,NULL,500,15,955,'attached_to'),(303,NULL,NULL,NULL,'',NULL,NULL,NULL,NULL,NULL,14,NULL,NULL,500,15,953,'attached_to'),(304,NULL,NULL,NULL,'',NULL,NULL,NULL,NULL,NULL,14,NULL,NULL,500,15,961,'attached_to'),(305,NULL,NULL,NULL,'',NULL,NULL,NULL,NULL,NULL,13,NULL,NULL,350,15,962,'attached_to'),(306,NULL,NULL,NULL,'',NULL,NULL,NULL,NULL,NULL,13,NULL,NULL,350,15,970,'attached_to'),(307,NULL,NULL,NULL,'',NULL,NULL,NULL,NULL,NULL,13,NULL,NULL,350,15,969,'attached_to'),(308,NULL,NULL,NULL,'',NULL,NULL,NULL,NULL,NULL,13,NULL,NULL,350,15,968,'attached_to'),(309,NULL,NULL,NULL,'',NULL,NULL,NULL,NULL,NULL,13,NULL,NULL,350,15,967,'attached_to'),(310,NULL,NULL,NULL,'',NULL,NULL,NULL,NULL,NULL,13,NULL,NULL,350,15,966,'attached_to'),(311,NULL,NULL,NULL,'',NULL,NULL,NULL,NULL,NULL,12,NULL,NULL,500,15,965,'attached_to'),(312,NULL,NULL,NULL,'',NULL,NULL,NULL,NULL,NULL,12,NULL,NULL,500,15,964,'attached_to'),(313,NULL,NULL,NULL,'',NULL,NULL,NULL,NULL,NULL,12,NULL,NULL,500,15,963,'attached_to'),(314,NULL,NULL,NULL,'',NULL,NULL,NULL,NULL,NULL,12,NULL,NULL,500,15,952,'attached_to'),(315,NULL,NULL,NULL,'',NULL,NULL,NULL,NULL,NULL,12,NULL,NULL,500,15,1001,'attached_to'),(316,NULL,NULL,NULL,'',NULL,NULL,NULL,NULL,NULL,12,NULL,NULL,500,15,1000,'attached_to'),(317,NULL,NULL,NULL,'',NULL,NULL,NULL,NULL,NULL,12,NULL,NULL,500,15,999,'attached_to'),(318,NULL,NULL,NULL,'',NULL,NULL,NULL,NULL,NULL,12,NULL,NULL,500,15,998,'attached_to'),(319,NULL,NULL,NULL,'',NULL,NULL,NULL,NULL,NULL,12,NULL,NULL,500,15,997,'attached_to'),(320,NULL,NULL,NULL,'',NULL,NULL,NULL,NULL,NULL,12,NULL,NULL,500,15,996,'attached_to'),(321,NULL,NULL,NULL,'',NULL,NULL,NULL,NULL,NULL,12,NULL,NULL,500,15,995,'attached_to'),(322,NULL,NULL,NULL,'',NULL,NULL,NULL,NULL,NULL,12,NULL,NULL,500,15,994,'attached_to'),(323,NULL,NULL,NULL,'',NULL,NULL,NULL,NULL,NULL,11,NULL,NULL,500,15,1002,'attached_to'),(324,NULL,NULL,NULL,'',NULL,NULL,NULL,NULL,NULL,11,NULL,NULL,500,15,1003,'attached_to'),(325,NULL,NULL,NULL,'',NULL,NULL,NULL,NULL,NULL,11,NULL,NULL,500,15,1011,'attached_to'),(326,NULL,NULL,NULL,'',NULL,NULL,NULL,NULL,NULL,11,NULL,NULL,500,15,1010,'attached_to'),(327,NULL,NULL,NULL,'',NULL,NULL,NULL,NULL,NULL,11,NULL,NULL,500,15,1009,'attached_to'),(328,NULL,NULL,NULL,'',NULL,NULL,NULL,NULL,NULL,11,NULL,NULL,500,15,1008,'attached_to'),(329,NULL,NULL,NULL,'',NULL,NULL,NULL,NULL,NULL,11,NULL,NULL,500,15,1007,'attached_to'),(330,NULL,NULL,NULL,'',NULL,NULL,NULL,NULL,NULL,11,NULL,NULL,500,15,1006,'attached_to'),(331,NULL,NULL,NULL,'',NULL,NULL,NULL,NULL,NULL,11,NULL,NULL,500,15,1005,'attached_to'),(332,NULL,NULL,NULL,'',NULL,NULL,NULL,NULL,NULL,11,NULL,NULL,500,15,1004,'attached_to'),(333,NULL,NULL,NULL,'',NULL,NULL,NULL,NULL,NULL,11,NULL,NULL,500,15,993,'attached_to'),(334,NULL,NULL,NULL,'',NULL,NULL,NULL,NULL,NULL,11,NULL,NULL,500,15,992,'attached_to'),(335,NULL,NULL,NULL,'',NULL,NULL,NULL,NULL,NULL,11,NULL,NULL,500,15,991,'attached_to'),(336,NULL,NULL,NULL,'',NULL,NULL,NULL,NULL,NULL,11,NULL,NULL,500,15,980,'attached_to'),(337,NULL,NULL,NULL,'',NULL,NULL,NULL,NULL,NULL,11,NULL,NULL,500,15,979,'attached_to'),(338,NULL,NULL,NULL,'',NULL,NULL,NULL,NULL,NULL,11,NULL,NULL,500,15,978,'attached_to'),(339,NULL,NULL,NULL,'',NULL,NULL,NULL,NULL,NULL,11,NULL,NULL,500,15,977,'attached_to'),(340,NULL,NULL,NULL,'',NULL,NULL,NULL,NULL,NULL,11,NULL,NULL,500,15,976,'attached_to'),(341,NULL,NULL,NULL,'',NULL,NULL,NULL,NULL,NULL,11,NULL,NULL,500,15,975,'attached_to'),(342,NULL,NULL,NULL,'',NULL,NULL,NULL,NULL,NULL,11,NULL,NULL,500,15,974,'attached_to'),(343,NULL,NULL,NULL,'',NULL,NULL,NULL,NULL,NULL,11,NULL,NULL,500,15,973,'attached_to'),(344,NULL,NULL,NULL,'',NULL,NULL,NULL,NULL,NULL,11,NULL,NULL,500,15,981,'attached_to'),(345,NULL,NULL,NULL,'',NULL,NULL,NULL,NULL,NULL,11,NULL,NULL,500,15,982,'attached_to'),(346,NULL,NULL,NULL,'',NULL,NULL,NULL,NULL,NULL,11,NULL,NULL,500,15,990,'attached_to'),(347,NULL,NULL,NULL,'',NULL,NULL,NULL,NULL,NULL,11,NULL,NULL,500,15,989,'attached_to'),(348,NULL,NULL,NULL,'',NULL,NULL,NULL,NULL,NULL,11,NULL,NULL,500,15,988,'attached_to'),(349,NULL,NULL,NULL,'',NULL,NULL,NULL,NULL,NULL,11,NULL,NULL,500,15,987,'attached_to'),(350,NULL,NULL,NULL,'',NULL,NULL,NULL,NULL,NULL,11,NULL,NULL,500,15,986,'attached_to'),(351,NULL,NULL,NULL,'',NULL,NULL,NULL,NULL,NULL,11,NULL,NULL,500,15,985,'attached_to'),(352,NULL,NULL,NULL,'',NULL,NULL,NULL,NULL,NULL,11,NULL,NULL,500,15,984,'attached_to'),(353,NULL,NULL,NULL,'',NULL,NULL,NULL,NULL,NULL,11,NULL,NULL,500,15,983,'attached_to'),(354,NULL,NULL,NULL,'',NULL,NULL,NULL,NULL,NULL,11,NULL,NULL,500,15,972,'attached_to'),(355,NULL,NULL,NULL,'',NULL,NULL,NULL,NULL,NULL,15,NULL,NULL,1500,15,1012,'attached_to'),(356,NULL,NULL,NULL,'',NULL,NULL,NULL,NULL,NULL,32,NULL,NULL,500,15,1189,'attached_to'),(357,NULL,NULL,NULL,'',NULL,NULL,NULL,NULL,NULL,32,NULL,NULL,500,15,1190,'attached_to'),(358,NULL,NULL,NULL,'',NULL,NULL,NULL,NULL,NULL,32,NULL,NULL,500,15,1191,'attached_to'),(359,NULL,NULL,NULL,'',NULL,NULL,NULL,NULL,NULL,32,NULL,NULL,500,15,1192,'attached_to'),(360,NULL,NULL,NULL,'',NULL,NULL,NULL,NULL,NULL,32,NULL,NULL,500,15,1193,'attached_to'),(361,NULL,NULL,NULL,'',NULL,NULL,NULL,NULL,NULL,32,NULL,NULL,500,15,1194,'attached_to'),(362,NULL,NULL,NULL,'',NULL,NULL,NULL,NULL,NULL,32,NULL,NULL,500,15,1195,'attached_to'),(363,NULL,NULL,NULL,'',NULL,NULL,NULL,NULL,NULL,32,NULL,NULL,500,15,1196,'attached_to'),(364,NULL,NULL,NULL,'',NULL,NULL,NULL,NULL,NULL,32,NULL,NULL,500,15,1197,'attached_to'),(365,NULL,NULL,NULL,'',NULL,NULL,NULL,NULL,NULL,32,NULL,NULL,500,15,1198,'attached_to'),(366,NULL,NULL,NULL,'',NULL,NULL,NULL,NULL,NULL,32,NULL,NULL,500,15,1199,'attached_to'),(367,NULL,NULL,NULL,'',NULL,NULL,NULL,NULL,NULL,32,NULL,NULL,500,15,1200,'attached_to'),(368,NULL,NULL,NULL,'',NULL,NULL,NULL,NULL,NULL,32,NULL,NULL,500,15,1201,'attached_to'),(369,NULL,NULL,NULL,'',NULL,NULL,NULL,NULL,NULL,32,NULL,NULL,500,15,1202,'attached_to'),(370,NULL,NULL,NULL,'',NULL,NULL,NULL,NULL,NULL,32,NULL,NULL,500,15,1203,'attached_to'),(371,NULL,NULL,NULL,'',NULL,NULL,NULL,NULL,NULL,32,NULL,NULL,500,15,1204,'attached_to'),(372,NULL,NULL,NULL,'',NULL,NULL,NULL,NULL,NULL,32,NULL,NULL,500,15,1205,'attached_to'),(373,NULL,NULL,NULL,'',NULL,NULL,NULL,NULL,NULL,32,NULL,NULL,500,15,1206,'attached_to'),(374,NULL,NULL,NULL,'',NULL,NULL,NULL,NULL,NULL,32,NULL,NULL,500,15,1207,'attached_to'),(375,NULL,NULL,NULL,'',NULL,NULL,NULL,NULL,NULL,32,NULL,NULL,500,15,1208,'attached_to'),(376,NULL,NULL,NULL,'',NULL,NULL,NULL,NULL,NULL,32,NULL,NULL,500,15,1209,'attached_to'),(377,NULL,NULL,NULL,'',NULL,NULL,NULL,NULL,NULL,32,NULL,NULL,500,15,1210,'attached_to'),(378,NULL,NULL,NULL,'',NULL,NULL,NULL,NULL,NULL,32,NULL,NULL,500,15,1211,'attached_to'),(379,NULL,NULL,NULL,'',NULL,NULL,NULL,NULL,NULL,32,NULL,NULL,500,15,1212,'attached_to'),(380,NULL,NULL,NULL,'',NULL,NULL,NULL,NULL,NULL,32,NULL,NULL,500,15,1213,'attached_to'),(381,NULL,NULL,NULL,'',NULL,NULL,NULL,NULL,NULL,32,NULL,NULL,500,15,1214,'attached_to'),(382,NULL,NULL,NULL,'',NULL,NULL,NULL,NULL,NULL,32,NULL,NULL,500,15,1215,'attached_to'),(383,NULL,NULL,NULL,'',NULL,NULL,NULL,NULL,NULL,32,NULL,NULL,500,15,1216,'attached_to'),(384,NULL,NULL,NULL,'',NULL,NULL,NULL,NULL,NULL,32,NULL,NULL,500,15,1217,'attached_to'),(385,NULL,NULL,NULL,'',NULL,NULL,NULL,NULL,NULL,32,NULL,NULL,500,15,1218,'attached_to'),(386,NULL,NULL,NULL,'',NULL,NULL,NULL,NULL,NULL,82,NULL,NULL,NULL,15,1219,'attached_to'),(387,NULL,NULL,NULL,'',NULL,NULL,NULL,NULL,NULL,82,NULL,NULL,NULL,15,1220,'attached_to'),(388,NULL,NULL,NULL,'',NULL,NULL,NULL,NULL,NULL,82,NULL,NULL,NULL,15,1221,'attached_to'),(389,NULL,NULL,NULL,'',NULL,NULL,NULL,NULL,NULL,82,NULL,NULL,NULL,15,1222,'attached_to'),(390,NULL,NULL,NULL,'',NULL,NULL,NULL,NULL,NULL,82,NULL,NULL,NULL,15,1223,'attached_to'),(391,NULL,NULL,NULL,'',NULL,NULL,NULL,NULL,NULL,82,NULL,NULL,NULL,15,1224,'attached_to'),(392,NULL,NULL,NULL,'',NULL,NULL,NULL,NULL,NULL,82,NULL,NULL,NULL,15,1225,'attached_to'),(393,NULL,NULL,NULL,'',NULL,NULL,NULL,NULL,NULL,82,NULL,NULL,NULL,15,1226,'attached_to'),(394,NULL,NULL,NULL,'',NULL,NULL,NULL,NULL,NULL,80,NULL,NULL,NULL,15,1227,'attached_to'),(395,NULL,NULL,NULL,'',NULL,NULL,NULL,NULL,NULL,80,NULL,NULL,NULL,15,1228,'attached_to'),(396,NULL,NULL,NULL,'',NULL,NULL,NULL,NULL,NULL,80,NULL,NULL,NULL,15,1229,'attached_to'),(397,NULL,NULL,NULL,'',NULL,NULL,NULL,NULL,NULL,80,NULL,NULL,NULL,15,1230,'attached_to'),(398,NULL,NULL,NULL,'',NULL,NULL,NULL,NULL,NULL,80,NULL,NULL,NULL,15,1231,'attached_to'),(399,NULL,NULL,NULL,'',NULL,NULL,NULL,NULL,NULL,80,NULL,NULL,NULL,15,1232,'attached_to'),(400,NULL,NULL,NULL,'',NULL,NULL,NULL,NULL,NULL,80,NULL,NULL,NULL,15,1233,'attached_to'),(401,NULL,NULL,NULL,'',NULL,NULL,NULL,NULL,NULL,80,NULL,NULL,NULL,15,1234,'attached_to'),(402,NULL,NULL,NULL,'',NULL,NULL,NULL,NULL,NULL,80,NULL,NULL,NULL,15,1235,'attached_to'),(403,NULL,NULL,NULL,'',NULL,NULL,NULL,NULL,NULL,80,NULL,NULL,NULL,15,1236,'attached_to'),(404,NULL,NULL,NULL,'',NULL,NULL,NULL,NULL,NULL,80,NULL,NULL,NULL,15,1237,'attached_to'),(405,NULL,NULL,NULL,'',NULL,NULL,NULL,NULL,NULL,80,NULL,NULL,NULL,15,1238,'attached_to'),(406,NULL,NULL,NULL,'',NULL,NULL,NULL,NULL,NULL,80,NULL,NULL,NULL,15,1239,'attached_to'),(407,NULL,NULL,NULL,'',NULL,NULL,NULL,NULL,NULL,80,NULL,NULL,NULL,15,1240,'attached_to'),(408,NULL,NULL,NULL,'',NULL,NULL,NULL,NULL,NULL,80,NULL,NULL,NULL,15,1241,'attached_to'),(409,NULL,NULL,NULL,'',NULL,NULL,NULL,NULL,NULL,80,NULL,NULL,NULL,15,1242,'attached_to'),(410,NULL,NULL,NULL,'',NULL,NULL,NULL,NULL,NULL,80,NULL,NULL,NULL,15,1243,'attached_to'),(411,NULL,NULL,NULL,'',NULL,NULL,NULL,NULL,NULL,80,NULL,NULL,NULL,15,1244,'attached_to'),(412,NULL,NULL,NULL,'',NULL,NULL,NULL,NULL,NULL,80,NULL,NULL,NULL,15,1245,'attached_to'),(413,NULL,NULL,NULL,'',NULL,NULL,NULL,NULL,NULL,80,NULL,NULL,NULL,15,1246,'attached_to'),(414,NULL,NULL,NULL,'',NULL,NULL,NULL,NULL,NULL,80,NULL,NULL,NULL,15,1247,'attached_to'),(415,NULL,NULL,NULL,'',NULL,NULL,NULL,NULL,NULL,80,NULL,NULL,NULL,15,1248,'attached_to'),(416,NULL,NULL,NULL,'',NULL,NULL,NULL,NULL,NULL,80,NULL,NULL,NULL,1,1057,'attached_to'),(417,NULL,NULL,NULL,'',NULL,NULL,NULL,NULL,NULL,80,NULL,NULL,NULL,1,1056,'attached_to'),(418,NULL,NULL,NULL,'',NULL,NULL,NULL,NULL,NULL,80,NULL,NULL,NULL,1,1059,'attached_to'),(419,NULL,NULL,NULL,'',NULL,NULL,NULL,NULL,NULL,78,NULL,NULL,2000,2,448,'attached_to'),(420,NULL,NULL,NULL,'',NULL,NULL,NULL,NULL,NULL,83,NULL,NULL,500,2,413,'attached_to'),(421,NULL,NULL,NULL,'',NULL,NULL,NULL,NULL,NULL,82,NULL,NULL,NULL,2,1055,'attached_to'),(422,NULL,NULL,NULL,'',NULL,NULL,NULL,NULL,NULL,82,NULL,NULL,NULL,2,1058,'attached_to'),(423,NULL,NULL,NULL,'',NULL,NULL,NULL,NULL,NULL,82,NULL,NULL,NULL,2,1060,'attached_to'),(424,NULL,NULL,NULL,'',NULL,NULL,NULL,NULL,NULL,80,NULL,NULL,NULL,2,1061,'attached_to'),(425,NULL,NULL,NULL,'',NULL,NULL,NULL,NULL,NULL,80,NULL,NULL,NULL,2,1062,'attached_to'),(426,NULL,NULL,NULL,'',NULL,NULL,NULL,NULL,NULL,80,NULL,NULL,NULL,2,1063,'attached_to'),(427,NULL,NULL,NULL,'',NULL,NULL,NULL,NULL,NULL,80,NULL,NULL,NULL,2,1054,'attached_to'),(428,NULL,NULL,NULL,'',NULL,NULL,NULL,NULL,NULL,80,NULL,NULL,NULL,2,1059,'attached_to'),(429,NULL,NULL,NULL,'',NULL,NULL,NULL,NULL,NULL,80,NULL,NULL,NULL,2,1056,'attached_to'),(430,NULL,NULL,NULL,'',NULL,NULL,NULL,NULL,NULL,80,NULL,NULL,NULL,2,1057,'attached_to'),(431,NULL,NULL,NULL,'',NULL,NULL,NULL,NULL,NULL,32,NULL,NULL,500,2,391,'attached_to'),(432,NULL,NULL,NULL,'',NULL,NULL,NULL,NULL,NULL,32,NULL,NULL,500,2,393,'attached_to'),(433,NULL,NULL,NULL,'',NULL,NULL,NULL,NULL,NULL,32,NULL,NULL,500,2,392,'attached_to'),(434,NULL,NULL,NULL,'',NULL,NULL,NULL,NULL,NULL,32,NULL,NULL,500,2,390,'attached_to'),(435,NULL,NULL,NULL,'',NULL,NULL,NULL,NULL,NULL,32,NULL,NULL,500,2,389,'attached_to'),(436,NULL,NULL,NULL,'',NULL,NULL,NULL,NULL,NULL,32,NULL,NULL,500,2,388,'attached_to'),(437,NULL,NULL,NULL,'',NULL,NULL,NULL,NULL,NULL,40,NULL,NULL,250,2,414,'attached_to'),(438,NULL,NULL,NULL,'',NULL,NULL,NULL,NULL,NULL,40,NULL,NULL,250,2,415,'attached_to'),(439,NULL,NULL,NULL,'',NULL,NULL,NULL,NULL,NULL,41,NULL,NULL,300,2,416,'attached_to'),(440,NULL,NULL,NULL,'',NULL,NULL,NULL,NULL,NULL,38,NULL,NULL,5000,2,408,'attached_to'),(441,NULL,NULL,NULL,'',NULL,NULL,NULL,NULL,NULL,38,NULL,NULL,5000,2,409,'attached_to'),(442,NULL,NULL,NULL,'',NULL,NULL,NULL,NULL,NULL,38,NULL,NULL,5000,2,410,'attached_to'),(443,NULL,NULL,NULL,'',NULL,NULL,NULL,NULL,NULL,38,NULL,NULL,5000,2,411,'attached_to'),(444,NULL,NULL,NULL,'',NULL,NULL,NULL,NULL,NULL,38,NULL,NULL,5000,2,1111,'attached_to'),(445,NULL,NULL,NULL,'',NULL,NULL,NULL,NULL,NULL,12,NULL,NULL,500,2,440,'attached_to'),(446,NULL,NULL,NULL,'',NULL,NULL,NULL,NULL,NULL,12,NULL,NULL,500,2,441,'attached_to'),(447,NULL,NULL,NULL,'',NULL,NULL,NULL,NULL,NULL,11,NULL,NULL,500,2,442,'attached_to'),(448,NULL,NULL,NULL,'',NULL,NULL,NULL,NULL,NULL,11,NULL,NULL,500,2,443,'attached_to'),(449,NULL,NULL,NULL,'',NULL,NULL,NULL,NULL,NULL,11,NULL,NULL,500,2,444,'attached_to'),(450,NULL,NULL,NULL,'',NULL,NULL,NULL,NULL,NULL,78,NULL,NULL,2000,6,448,'attached_to'),(451,NULL,NULL,NULL,'',NULL,NULL,NULL,NULL,NULL,44,NULL,NULL,250,6,417,'attached_to'),(452,NULL,NULL,NULL,'',NULL,NULL,NULL,NULL,NULL,83,NULL,NULL,500,6,412,'attached_to'),(453,NULL,NULL,NULL,'',NULL,NULL,NULL,NULL,NULL,83,NULL,NULL,500,6,413,'attached_to'),(454,NULL,NULL,NULL,'',NULL,NULL,NULL,NULL,NULL,83,NULL,NULL,500,6,414,'attached_to'),(455,NULL,NULL,NULL,'',NULL,NULL,NULL,NULL,NULL,83,NULL,NULL,500,6,415,'attached_to'),(456,NULL,NULL,NULL,'',NULL,NULL,NULL,NULL,NULL,83,NULL,NULL,500,6,416,'attached_to'),(457,NULL,NULL,NULL,'',NULL,NULL,NULL,NULL,NULL,39,NULL,NULL,5000,6,408,'attached_to'),(458,NULL,NULL,NULL,'',NULL,NULL,NULL,NULL,NULL,39,NULL,NULL,5000,6,409,'attached_to'),(459,NULL,NULL,NULL,'',NULL,NULL,NULL,NULL,NULL,39,NULL,NULL,5000,6,410,'attached_to'),(460,NULL,NULL,NULL,'',NULL,NULL,NULL,NULL,NULL,39,NULL,NULL,5000,6,411,'attached_to'),(461,NULL,NULL,NULL,'',NULL,NULL,NULL,NULL,NULL,39,NULL,NULL,5000,6,1111,'attached_to'),(462,NULL,NULL,NULL,'',NULL,NULL,NULL,NULL,NULL,38,NULL,NULL,5000,6,1112,'attached_to'),(463,NULL,NULL,NULL,'',NULL,NULL,NULL,NULL,NULL,14,NULL,NULL,500,6,440,'attached_to'),(464,NULL,NULL,NULL,'',NULL,NULL,NULL,NULL,NULL,14,NULL,NULL,500,6,441,'attached_to'),(465,NULL,NULL,NULL,'',NULL,NULL,NULL,NULL,NULL,13,NULL,NULL,350,6,442,'attached_to'),(466,NULL,NULL,NULL,'',NULL,NULL,NULL,NULL,NULL,13,NULL,NULL,350,6,443,'attached_to'),(467,NULL,NULL,NULL,'',NULL,NULL,NULL,NULL,NULL,13,NULL,NULL,350,6,444,'attached_to'),(468,NULL,NULL,NULL,'',NULL,NULL,NULL,NULL,NULL,14,NULL,NULL,500,6,445,'attached_to'),(469,NULL,NULL,NULL,'',NULL,NULL,NULL,NULL,NULL,14,NULL,NULL,500,6,446,'attached_to'),(470,NULL,NULL,NULL,'',NULL,NULL,NULL,NULL,NULL,14,NULL,NULL,500,6,447,'attached_to'),(471,NULL,NULL,NULL,'',NULL,NULL,NULL,NULL,NULL,13,NULL,NULL,350,6,438,'attached_to'),(472,NULL,NULL,NULL,'',NULL,NULL,NULL,NULL,NULL,14,NULL,NULL,500,6,439,'attached_to'),(473,NULL,NULL,NULL,'',NULL,NULL,NULL,NULL,NULL,32,NULL,NULL,500,6,388,'attached_to'),(474,NULL,NULL,NULL,'',NULL,NULL,NULL,NULL,NULL,32,NULL,NULL,500,6,389,'attached_to'),(475,NULL,NULL,NULL,'',NULL,NULL,NULL,NULL,NULL,32,NULL,NULL,500,6,390,'attached_to'),(476,NULL,NULL,NULL,'',NULL,NULL,NULL,NULL,NULL,32,NULL,NULL,500,6,391,'attached_to'),(477,NULL,NULL,NULL,'',NULL,NULL,NULL,NULL,NULL,32,NULL,NULL,500,6,392,'attached_to'),(478,NULL,NULL,NULL,'',NULL,NULL,NULL,NULL,NULL,32,NULL,NULL,500,6,393,'attached_to'),(479,NULL,NULL,NULL,'',NULL,NULL,NULL,NULL,NULL,82,NULL,NULL,NULL,6,1055,'attached_to'),(480,NULL,NULL,NULL,'',NULL,NULL,NULL,NULL,NULL,82,NULL,NULL,NULL,6,1058,'attached_to'),(481,NULL,NULL,NULL,'',NULL,NULL,NULL,NULL,NULL,82,NULL,NULL,NULL,6,1060,'attached_to'),(482,NULL,NULL,NULL,'',NULL,NULL,NULL,NULL,NULL,80,NULL,NULL,NULL,6,1061,'attached_to'),(483,NULL,NULL,NULL,'',NULL,NULL,NULL,NULL,NULL,80,NULL,NULL,NULL,6,1062,'attached_to'),(484,NULL,NULL,NULL,'',NULL,NULL,NULL,NULL,NULL,80,NULL,NULL,NULL,6,1063,'attached_to'),(485,NULL,NULL,NULL,'',NULL,NULL,NULL,NULL,NULL,80,NULL,NULL,NULL,6,1054,'attached_to'),(486,NULL,NULL,NULL,'',NULL,NULL,NULL,NULL,NULL,80,NULL,NULL,NULL,6,1059,'attached_to'),(487,NULL,NULL,NULL,'',NULL,NULL,NULL,NULL,NULL,80,NULL,NULL,NULL,6,1056,'attached_to'),(488,NULL,NULL,NULL,'',NULL,NULL,NULL,NULL,NULL,80,NULL,NULL,NULL,6,1057,'attached_to');
/*!40000 ALTER TABLE `objects` ENABLE KEYS */;
UNLOCK TABLES;

--
-- Table structure for table `permission`
--

DROP TABLE IF EXISTS `permission`;
/*!40101 SET @saved_cs_client     = @@character_set_client */;
/*!40101 SET character_set_client = utf8 */;
CREATE TABLE `permission` (
  `id` int(11) NOT NULL AUTO_INCREMENT,
  `permission_type` int(11) DEFAULT NULL,
  `user_id` int(11) DEFAULT NULL,
  PRIMARY KEY (`id`),
  KEY `permission_type` (`permission_type`),
  KEY `user_id` (`user_id`),
  CONSTRAINT `permission_ibfk_1` FOREIGN KEY (`permission_type`) REFERENCES `permission_type` (`id`),
  CONSTRAINT `permission_ibfk_2` FOREIGN KEY (`user_id`) REFERENCES `users` (`id`)
) ENGINE=InnoDB AUTO_INCREMENT=16 DEFAULT CHARSET=utf8;
/*!40101 SET character_set_client = @saved_cs_client */;

--
-- Dumping data for table `permission`
--

LOCK TABLES `permission` WRITE;
/*!40000 ALTER TABLE `permission` DISABLE KEYS */;
/*!40000 ALTER TABLE `permission` ENABLE KEYS */;
UNLOCK TABLES;

--
-- Table structure for table `permission_type`
--

DROP TABLE IF EXISTS `permission_type`;
/*!40101 SET @saved_cs_client     = @@character_set_client */;
/*!40101 SET character_set_client = utf8 */;
CREATE TABLE `permission_type` (
  `id` int(11) NOT NULL AUTO_INCREMENT,
  `title` varchar(255) DEFAULT NULL,
  PRIMARY KEY (`id`)
) ENGINE=InnoDB AUTO_INCREMENT=10 DEFAULT CHARSET=utf8;
/*!40101 SET character_set_client = @saved_cs_client */;

--
-- Dumping data for table `permission_type`
--

LOCK TABLES `permission_type` WRITE;
/*!40000 ALTER TABLE `permission_type` DISABLE KEYS */;
INSERT INTO `permission_type` VALUES (1,'edit-inventory'),(2,'edit-inventory-type'),(3,'edit-planets'),(4,'edit-product'),(5,'edit-station'),(6,'edit-permission'),(7,'assign-permission'),(8,'see-permissions'),(9,'edit-user');
/*!40000 ALTER TABLE `permission_type` ENABLE KEYS */;
UNLOCK TABLES;

--
-- Table structure for table `planets`
--

DROP TABLE IF EXISTS `planets`;
/*!40101 SET @saved_cs_client     = @@character_set_client */;
/*!40101 SET character_set_client = utf8 */;
CREATE TABLE `planets` (
  `id` int(11) NOT NULL AUTO_INCREMENT,
  `aldebo` float DEFAULT NULL,
  `aphelion` int(11) DEFAULT NULL,
  `axial_tilt` varchar(255) DEFAULT NULL,
  `eccentricity` varchar(255) DEFAULT NULL,
  `escape_velocity` varchar(255) DEFAULT NULL,
  `inclination` varchar(255) DEFAULT NULL,
  `mass` varchar(255) DEFAULT NULL,
  `mean_anomaly` varchar(255) DEFAULT NULL,
  `mean_orbit_radius` varchar(255) DEFAULT NULL,
  `mean_radius` varchar(255) DEFAULT NULL,
  `title` varchar(255) DEFAULT NULL,
  `orbital_period` varchar(255) DEFAULT NULL,
  `perihelion` varchar(255) DEFAULT NULL,
  `sidereal_rotation_period` varchar(255) DEFAULT NULL,
  `surface_gravity` varchar(255) DEFAULT NULL,
  `surface_pressure` varchar(255) DEFAULT NULL,
  `volume` varchar(255) DEFAULT NULL,
  `parent` int(11) DEFAULT NULL,
  `angle` float DEFAULT NULL,
  `type` varchar(255) DEFAULT NULL,
  PRIMARY KEY (`id`),
  KEY `parent` (`parent`),
  CONSTRAINT `planets_ibfk_1` FOREIGN KEY (`parent`) REFERENCES `planets` (`id`)
) ENGINE=InnoDB AUTO_INCREMENT=190 DEFAULT CHARSET=utf8;
/*!40101 SET character_set_client = @saved_cs_client */;

--
-- Dumping data for table `planets`
--

LOCK TABLES `planets` WRITE;
/*!40000 ALTER TABLE `planets` DISABLE KEYS */;
INSERT INTO `planets` VALUES (1,0,0,'','','617.7','','1.9885*10^30 kg','0.0','','696342','Sun','0','','','274','','1.41*10^18 km3',NULL,2.51299,'star'),(2,NULL,69816,'2.04','0.205','4.25','7.005','3.3011*10^23 kg','174.796','','2439','Mercury','87.969','0','58.646','3.7','<0.5nPa','6.083*10^10 km3',1,-2.58744,'planet'),(3,NULL,108939,'2.64','0.006772','10.36','3.39458','4.8675*10^24 kg','50.115','','6051','Venus','224.701','0','-243.025','8.87','9.2MPa','9.2843*10^11 km3',1,1.41163,'planet'),(4,NULL,152100,'23.4392811','0.0167086','11.186','7.155','5.97237*10^24 kg','358.617','','6371','Earth','365.256363004','147095000','0.99726968','9.807','101.325kPa','1.08321*10^12 km3',1,0.392449,'planet'),(5,NULL,405,'1.5424','0.0549','2.38','5.145','7.342*10^22 kg',NULL,'','1737','Moon','27.321661','362','27.321661','1.62','10^7 Pa','2.1958*10^10 km3',4,-1.03505,'moon'),(6,NULL,249200,'25.19','0.0934','5.027','1.85','6.4171*10^23 kg',NULL,'','3389','Mars','686.971','206700000','1.025957','3.72076','0.636 (0.40.87)kPa','1.6318*10^11 km3',1,0.426013,'planet'),(7,NULL,23,'','0.00033','5.556','0.93','1.4762*10^15 kg',NULL,'','6','Deimos','1.263','23','','0.003','','*10^9.78 km3',6,-1.92035,'moon'),(8,NULL,9,'0','0.0151','11.39','1.093','1.0659*10^16 kg',NULL,'','11','Phobos','0.31891023','9','','0.0057','','*10^83.61 km3',6,-1.2367,'moon'),(9,0,445749,'4','0.0760090291','0.51','10.59406704','(9.38350.0001)*10^20 kg','77.37209','','469','Ceres','1682.65','2','9.07417','0.28','','*10^4,000,000 km3',1,-3.07246,'planet'),(10,0,816620,'3.13','0.0489','59.5','1.303','1.8982*10^27 kg','20.02','','69911','Jupiter','4332.59','740','9.925','24.79','20200kPa','1.4313*10^15 km3',1,0.122594,'planet'),(11,0,128,'','0.0002','','0.06','1.2*10^17 kg','0.0','128000km (1.792 RJ)[1][2]','21','Metis','0.29478','','','','','*10^42700 km3',10,2.95147,'moon'),(12,NULL,129,'','0.0015','','0.03','',NULL,'129000','9','Adrastea','0.29826','','','','','*10^2345 km3',10,1.56752,'moon'),(13,NULL,182,'','0.00319','','0.374','(2.080.15)*10^18 kg',NULL,'','84','Amalthea','0.49817943','181150','','','','(2.430.22)*10^6 km3',10,-0.0781322,'moon'),(14,0,226,'','0.0175','20','1.076','','0.0','','49','Thebe','0.674536','218000','','0.013','','*10^500000 km3',10,3.08476,'moon'),(15,NULL,423,'','0.0041','2.558','0.05','(8.9319380.000018)*10^22 kg',NULL,'','1821','Io','1.769137786','420','','1.796','5 to 40 nbar','2.53*10^10 km3',10,-1.35853,'moon'),(16,NULL,677,'0.1','0.009','2.025','0.47','(4.7998440.000013)*10^22 kg',NULL,'','1560','Europa','728','664862','','1.314','0.1 Pa','1.593*10^10 km3',10,-1.19077,'moon'),(17,NULL,1071,'0','0.0013','2.741','2.214','1.4819*10^23 kg',NULL,'','2634','Ganymede','7.15455296','1069200','','1.428','0.21.2 Pa','7.66*10^10 km3',10,-0.973103,'moon'),(18,NULL,1897,'','0.0074','2.44','2.017','(1.0759380.000137)*10^23 kg',NULL,'','2410','Callisto','16.6890184','1869','','1.235','7.5picobar[7] (7.51010kPa','5.9*10^10 km3',10,-1.48885,'moon'),(19,0,5909,'','0.2006','','45.81','6.89*10^14 kg','0.0','','4','Themisto','129.82761','5','','','','*10^70 km3',10,0.680682,'moon'),(20,0,11160,'','0.16','','27.46','1.1*10^16 kg','0.0','','5','Leda','240.92','','','','','*10^200 km3',10,-2.67489,'moon'),(21,0,11720,'','0.11','','28.3','6.3*10^16 kg','0.0','','18','Lysithea','259.2','','','','','*10^4,400 km3',10,0.714419,'moon'),(22,NULL,11740,'','0.22','','26.63','8.7*10^17 kg',NULL,'','43','Elara','259.64','','','','','*10^33,000 km3',10,-2.06635,'moon'),(23,NULL,17145,'','0.4316','','56','',NULL,'','1.5','Carpo','458.625','','','','','',10,-1.41487,'moon'),(24,NULL,19300,'','','','','',NULL,'','1','Euporie','538.78','','','','','',10,2.00219,'moon'),(25,NULL,20465,'','','','','',NULL,'','1.52','Euanthe','598.093','','','','','',10,-0.175097,'moon'),(26,0,21075,'','0.337','','146.46','','0.0','','1','Orthosie','625.07','','','','','',10,1.01508,'moon'),(27,NULL,20722,'','0.2874','11','','1.9483*10^14 kg',NULL,'','2.6','Iocaste','631','16','','0.002','','74km3 (6.8*10^11 Earths)',10,-2.00268,'moon'),(28,0,20453,'','','','','','0.0','','1','Thelxinoe','597.607','','','','','',10,0.640778,'moon'),(29,NULL,20500,'','','','','',NULL,'','2','Helike','601.402','','','','','',10,0.433896,'moon'),(30,NULL,21300,'','0.24','','148.89','4.0*10^16 kg',NULL,'','14','Ananke','610.45','12','','0.01','','*10^1,500 km3',10,-2.47702,'moon'),(31,NULL,23400,'','0.25','','164.91','1.3*10^17 kg',NULL,'','23','Carme','702.28','','','','','*10^1,000 km',10,-2.31768,'moon'),(32,0,24094,'','0.2953','','145.24','3.0*10^17 kg','0.0','','20','Pasiphae','764.082032','16','','','','*10^13,000 km',10,-2.89313,'moon'),(33,0,23540,'','0.25','','128.11','7.5*10^16 kg','0.0','','19','Sinope','724.1','18','','0.014','','*10^8,700 km3',10,-2.69445,'moon'),(34,NULL,24099,'','0.2796','','147.08','','107.962','','4.3','Callirrhoe','758.82','','','','','',10,-0.0236453,'moon'),(35,NULL,13082,'','0.16','','27.5','(4.20.6)*10^18 kg',NULL,'','102','Himalia','250.56','9','7.782','','','*10^2570000 km3',10,1.33195,'moon'),(36,NULL,23483,'','','','','',NULL,'','2','Eukelade','746','','','','','',10,-3.10303,'moon'),(37,0,12297,'','0.21','','28.2','','0.0','','2','Dia','278.21','','','','','',10,2.98779,'moon'),(38,0,18951,'','0.492','','143','1.50*10^12 kg','0.0','','0.5','S/2003 J12','489.72','','','','','',10,-0.566425,'moon'),(39,0,19621,'','','','','','0.0','','1','Eupheme','583.518','','','','','',10,-2.72151,'moon'),(40,0,20220,'','','','','','0.0','','1','S/2003 J18','587.38','','','','','',10,2.62853,'moon'),(41,0,20434,'','','','151','','0.0','','1','S/2003 J16','610.362','','','','','',10,0.315847,'moon'),(42,0,22730,'','','','164','','0.0','','1','S/2003 J10','716.129','','','','','',10,1.19384,'moon'),(43,0,23857,'','','','165','','0.0','','0.5','S/2003 J9','752.839','','','','','',10,0.990725,'moon'),(44,0,24055,'','','','149','','0.0','','1','S/2003 J23','732.538','','','','','',10,-1.79605,'moon'),(45,0,22745,'','','','165','','0.0','','1','S/2003 J19','699.125','','','','','',10,-0.0757432,'moon'),(46,0,28493,'','0.4074','','154','','0.0','','1','S/2003 J2','981.55','','','','','',10,-0.982608,'moon'),(47,0,23570,'','','','','','0.0','','1','S/2003 J4','723','','','','','',10,2.2799,'moon'),(48,NULL,23702,'','','','','',NULL,'','1.5','Hegemone','739','','','','','',10,3.05868,'moon'),(49,0,24000,'','','','','','0.0','','2','Aoede','761.50','','','','','',10,3.03838,'moon'),(50,0,23111,'','','','','','0.0','','1','Kallichore','764.7','','','','','',10,-1.92668,'moon'),(51,0,24046,'','','','','','0.0','24046','4','Autonoe','760.95','','','','','',10,2.97836,'moon'),(52,0,23396,'','','','','','0.0','','2','Cyllene','737.8','','','','','',10,-1.54962,'moon'),(53,NULL,21063,'','','','','',NULL,'','2','Harpalyke','623','','','','','',10,2.63761,'moon'),(54,0,20823,'','','','','','0.0','','3.5','Praxidike','625.3','','','','','',10,-1.61045,'moon'),(55,0,20940,'','','','','','0.0','','2','Thyone','627.3','','','','','',10,-0.576883,'moon'),(56,0,21129,'','','','','','0.0','','1','Mneme','620','','','','','',10,2.74991,'moon'),(57,NULL,21131,'','','','','',NULL,'','2','Hermippe','633','','','','','',10,-3.07396,'moon'),(58,0,22011,'','','','','','0.0','','1','Philophrosyne','689.8','','','','','',10,-2.24009,'moon'),(59,NULL,22865,'','','','','',NULL,'','1.5','Eurydome','717','','','','','',10,-2.32983,'moon'),(60,0,23400,'','','','','','0.0','','1.5','Arche','731.95','','','','','',10,2.11475,'moon'),(61,NULL,22510,'','','','','',NULL,'','1','Herse','714','','','','','',10,-0.36225,'moon'),(62,0,23004,'','','','','','0.0','','1','Pasithee','719.44','','','','','',10,-0.416361,'moon'),(63,0,23100,'','0.2521','','','','0.0','','1.9','Chaldene','723.72','','','','','',10,-1.50901,'moon'),(64,NULL,23800,'','','','','',NULL,'','2','Isonoe','725','','','','','',10,2.93286,'moon'),(65,NULL,23279,'','','','','',NULL,'','3','Erinome','728','','','','','',10,1.30245,'moon'),(66,NULL,22409,'','','','','',NULL,'','1','Kale','625','','','','','',10,1.49247,'moon'),(67,0,23200,'','','','','','0.0','','1.5','Aitne','730.18','','','','','',10,-0.926856,'moon'),(68,0,23280,'','','','','','0.0','','2.5','Taygete','732','','','','','',10,1.03646,'moon'),(69,0,23487,'','','','','','0.0','','1','Sponde','748.34','','','','','',10,-1.92632,'moon'),(70,0,24687,'','','','','','0.0','','2.5','Megaclite','752.8','','','','','',10,-2.13921,'moon'),(71,0,23973,'','','','','','0.0','','2','Eirene','759.7','','','','','',10,1.31694,'moon'),(72,0,23180,'','','','','','0.0','','2.5','Kalyke','743','','','','','',10,-2.6274,'moon'),(73,0,24974,'','','','','','0.0','','1','Kore','779.2','','','','','',10,0.36903,'moon'),(74,0,1514500,'26.73','0.0565','35.5','2.485','5.6834*10^26 kg95.159','317.02','','58232','Saturn','10759','1','10','10.44','140kPa','8.2713*10^14 km3',1,2.21452,'planet'),(75,0,17910,'','0.1081','','49.9','','0.0','','3.5','Tarqeq','894.86','','','','','',74,1.05551,'moon'),(76,0,133,'','0.0000144','','0.0001','(4.950.75)*10^15 kg','0.0','','14','Pan','0.575050718','','','0.0001','','',74,-0.124055,'moon'),(77,0,136,'','0.0000331','','0.0036','(7.71.5)*10^13 kg','0.0','','4','Daphnis','0.5940798','','','0.0001','','',74,2.28221,'moon'),(78,0,137,'','0.0012','','0.003','(6.600.45)*10^15 kg','0.0','','15','Atlas','0.6016947883','','','0.0002','','*10^14400 km3',74,1.40479,'moon'),(79,0,139,'','0.0022','','0.008','(1.5950.015)*10^17 kg','0.0','','43','Prometheus','0.612990038','','','0.0013','','*10^340000 km3',74,3.0095,'moon'),(80,0,141,'','0.0042','','0.05','(1.3710.019)*10^17 kg','0.0','','40','Pandora','0.628504213','','','0.0026','','*10^280000 km3',74,-0.55514,'moon'),(81,0,151,'','0.0098','','0.351','(5.2660.006)*10^17 kg','0.0','','59','Epimetheus','0.694333517','','','0.0064','','*10^780000 km3',74,-2.31169,'moon'),(82,0,151,'','0.0068','','0.163','(1.89750.0012)*10^18 kg','0.0','','89','Janus','0.694660342','','','0.011','','*10^716000 km3',74,1.22681,'moon'),(83,NULL,189,'','0.0196','0.159','1.574','(3.74930.0031)*10^19 kg',NULL,'','198','Mimas','0.942','181','','0.064','','*10^600000200000 km3',74,-2.50408,'moon'),(84,0,194,'','0.0001','','0.007','','0.0','','1','Methone','1.009573975','','','','','',74,-1.9788,'moon'),(85,0,237,'0','0.0047','0.239','0.009','(1.080220.00101)*10^20 kg','0.0','','252','Enceladus','1.370218','','','0.113','','',74,2.49413,'moon'),(86,0,17531,'','0.2961','','46','','0.0','','20','Siarnaq','895.55','','','','','',74,-1.30494,'moon'),(87,0,15200,'','0.3631','','45.083','','0.0','','11','Paaliaq','686.9','','','','','',74,2.34676,'moon'),(88,0,17604,'','0.4724','','34.692','','0.0','','5','Erriapo','871.2','','','','','',74,1.428,'moon'),(89,0,197,'','0.0011','','0.1','1.5*10^12 kg','0.0','','0.9','Anthe','1.05089','','','0.00012','','*10^km',74,2.8696,'moon'),(90,0,212,'','0.004','','0.181','','0.0','','2','Pallene','1.153745829','','','','','',74,0.829615,'moon'),(91,0,294,'','0','','1.56','','0.0','','11','Calypso','1.887802','','','','','',74,-2.50269,'moon'),(92,0,377,'','0.0192','','0.1774','15 *10^13 kg','0.0','','1','Polydeuces','2.736915','','','','','',74,2.38544,'moon'),(93,0,294,'','0','','1.19','','0.0','','12','Telesto','1.887802','','','','','',74,0.808038,'moon'),(94,0,377,'','0.0022','0.51','0.019','(1.0954520.000168)*10^21 kg','0.0','','561','Dione','2.736915','','','0.232','','',74,0.166929,'moon'),(95,0,377,'','0.0022','','0.199','','0.0','','17.6','Helene','2.736915','','','','','',74,2.1825,'moon'),(96,0,527,'','0.0012583','0.635','0.345','(2.3065180.000353)*10^21 kg','0.0','','750','Rhea','4.518212','','','0.264','','',74,2.26606,'moon'),(97,0,3560,'','0.0276812','0.573','17.28','(1.8056350.000375)*10^21 kg','0.0','','734','Iapetus','79.3215','','','0.223','','',74,-1.42152,'moon'),(98,0,11110,'','0.3288','','45.71','','0.0','','8','Kiviuq','449.22','','','','','',74,-0.331052,'moon'),(99,0,11124,'','0.3163','','46.444','','0.0','','12','Ijiraq','451.4','','','','','',74,2.92113,'moon'),(100,0,16182,'','0.477','','34.207','','0.0','','16','Albiorix','783','','','','','',74,-2.25652,'moon'),(101,0,17983,'','0.5305','','33.825','','0.0','','7.5','Tarvos','926.2','','','','','',74,-0.875835,'moon'),(102,0,17560,'','0.418','','156','','0.0','','3','Skoll','869','','','','','',74,2.61533,'moon'),(103,NULL,1257,'','0.0288','2.639','0.34854','(1.34520.0002)*10^23 kg',NULL,'','2574','Titan','15.945','1186680','','1.352','146.7kPa','7.16*10^10 km3',74,-0.968087,'moon'),(104,NULL,18811,'','','','','',NULL,'','6','Jarnsaxa','943.784','','','','','',74,-1.13886,'moon'),(105,0,22454,'','0.1363','','164.955','','146.614','','2','Fenrir','1260.35','','','','','',74,-0.359173,'moon'),(106,0,23040,'','0.3349','8.7','173.125','5.1*10^15 kg','244.521','','9','Ymir','1315.14','','','','','',74,-2.85773,'moon'),(107,0,1481,'','0.1230061','45','0.43','(5.61990.05)*10^18 kg','0.0','','137','Hyperion','21.276','','','0.017','','',74,0.798897,'moon'),(108,0,12955,'152.14','0.1562415','','173.04','(8.2920.010)*10^18 kg','0.0','','106','Phoebe','550.564636','','9.2735','0.038','','',74,-2.02581,'moon'),(109,0,294,'','0.0001','0.394','1.12','(6.174490.00132)*10^20 kg','0.0','','531','Tethys','1.887802','','','0.146','','',74,-3.02596,'moon'),(110,0,167,'','','','','','0.0','','0.36','Aegaeon','0.808','','','','','',74,1.5619,'moon'),(111,0,15576,'','','','','','0.0','','4','Skathi','725.784','','','','','',74,2.44246,'moon'),(112,0,16700,'','','','','','0.0','','3','S/2007 S2','808','','','','','',74,0.933761,'moon'),(113,0,17119,'','','','','','0.0','','3','Bebhionn','834','','','','','',74,-2.04248,'moon'),(114,0,18206,'','','','','','0.0','','3','Greip','921','','','','','',74,-2.12892,'moon'),(115,0,18404,'','','','','','0.0','','3','S/2004 S13','933.48','','','','','',74,-0.0760696,'moon'),(116,0,18437,'','','','','','0.0','','4','Hyrrokkin','931','','','','','',74,1.13458,'moon'),(117,0,18628,'','','','','','0.0','','3.5','Mundilfari','952.77','','','','','',74,2.02276,'moon'),(118,0,117,'','','','','','0.0','','0.150','S/2006 S1','0.4725','','','','','',74,-3.08848,'moon'),(119,0,19007,'','','','','','0.0','','3.5','Narvi','1003.86','','','','','',74,2.77715,'moon'),(120,0,19336,'','','','','','0.0','','3','Bergelmir','1005.74','','','','','',74,2.97848,'moon'),(121,0,19447,'','','','','','0.0','','2','S/2004 S17','1014.7','','','','','',74,-0.180896,'moon'),(122,0,19667,'','','','','','0.0','','3.5','Suttungr','1029.703','','','','','',74,1.76341,'moon'),(123,0,20303,'','','','','','0.0','','3','Hati','1038','','','','','',74,-0.460746,'moon'),(124,0,19878,'','','','','','0.0','','2.5','S/2004 S12','1046.19','','','','','',74,-2.30829,'moon'),(125,0,20192,'','','','','','0.0','','3.5','Bestla','1088','','','','','',74,-2.01165,'moon'),(126,0,20377,'','','','','','0.0','','2.5','Farbauti','1085','','','','','',74,-1.73874,'moon'),(127,0,20474,'','','','','','0.0','','3.5','Thrymr','1094.3','','','','','',74,-2.36492,'moon'),(128,0,18975,'','','','','','0.0','','3','S/2007 S3','977','','','','','',74,1.01041,'moon'),(129,0,20751,'','','','','','0.0','','3','Aegir','1117','','','','','',74,1.05506,'moon'),(130,0,20999,'','','','','','0.0','','2','S/2004 S7','1140','','','','','',74,-1.52769,'moon'),(131,0,140,'','','','','','0.0','','2','S/2006 S3','0.62','','','','','',74,-0.681085,'moon'),(132,0,22350,'','','','','','0.0','','3.5','Kari','1233.6','','','','','',74,-2.33297,'moon'),(133,0,22704,'','','','','','0.0','','3','Surtur','1297.36','','','','','',74,-0.497502,'moon'),(134,0,23190,'','','','','','0.0','','3','Loge','1312','','','','','',74,1.0222,'moon'),(135,0,25146,'','','','','','0.0','','3','Fornjot','1494','','','','','',74,-2.37785,'moon'),(136,0,3008000,'97.77','0.046381','21.3','0.773','(8.68100.0013)*10^25 kg','142.2386','','25362','Uranus','30688','18','','8.69','','6.833*10^13 km3',1,1.42188,'planet'),(137,0,49,'','0.00026','','0.08479','~4.4*10^16 kg','0.0','','20','Cordelia','0.33503384','','','','','*10^8,900 km',136,-2.47353,'moon'),(138,0,64,'','0.00066','','0.06546','~5.6*10^17 kg','0.0','','46','Juliet','0.49306549','','','','','*10^32,000 km',136,-2.78428,'moon'),(139,NULL,62,'','0.00013','','0.11252','~1.8*10^17 kg',NULL,'','32','Desdemona','0.473649597','','','','','*10^64,000 km',136,2.36508,'moon'),(140,0,75,'','0.00007','','0.03063','~3.6*10^17 kg','0.0','','40','Belinda','0.62352747','','','','','*10^80,000 km',136,-1.02856,'moon'),(141,0,53,'','0.00992','','0.10362','~5.3*10^16 kg','0.0','','40','Ophelia','0.37640039','','','','','*10^1,000 km',136,1.39843,'moon'),(142,0,66,'','0.00005','','0.05908','~1.7*10^18 kg','0.0','','67','Portia','0.5131959201','','','','','*10^,300,000 km',136,1.60514,'moon'),(143,NULL,61,'','0.00036','','0.006','2.50.4*10^17 kg',NULL,'','39','Cressida','0.463569601','','','','','*10^60,000 km',136,2.20378,'moon'),(144,0,74,'0','0.0013','','0.1','~3.8*10^15 kg','0.0','','9','Cupid','0.618','','','','','*10^,000 km',136,2.29293,'moon'),(145,NULL,69,'','0.00011','','0.27876','~2.5*10^17 kg',NULL,'','36','Rosalind','0.558459529','','','','','*10^00,000 km',136,1.7405,'moon'),(146,0,76,'','0.0012','','0','~0.18*10^17 kg','0.0','','15','Perdita','0.638021','','','','','*10^4,000 km',136,-3.00843,'moon'),(147,0,129,'0','0.0013','0.193','4.232','(6.40.3)*10^19 kg','0.0','','235','Miranda','1.413479','','','0.079','','*10^835000 km3',136,0.654876,'moon'),(148,0,86,'','0.00012','0.069','0.31921','~2.9*10^018 kg','0.0','','81','Puck','0.76183287','','','0.028','','*10^,225,000 km',136,1.07475,'moon'),(149,0,266,'0','0.0039','0.52','0.128','(1.2750.028)*10^21 kg','0.0','','584','Umbriel','4.144','','','0.2','zero','*10^7300000 km3',136,1.96008,'moon'),(150,0,191,'','0.0012','0.559','0.26','(1.2510.021)*10^21 kg','0.0','','578','Ariel','2.52','','','0.269','','*10^2600000 km3',136,-2.43607,'moon'),(151,0,435,'','0.0011','0.773','0.34','(3.4000.061)*10^21 kg','0.0','','788','Titania','8.706234','','','0.379','<12mPa','*10^65000000 km3',136,-0.370201,'moon'),(152,0,97,'0','0.0025','','0.1335','~1*10^015 kg','0.0','','6','Mab','0.923','','','','','*10^,000 km',136,-0.817176,'moon'),(153,0,583,'','0.0014','0.727','0.058','(3.0760.087)*10^21 kg','0.0','','761','Oberon','13.463234','','','0.346','','*10^49000000 km3',136,-2.76976,'moon'),(154,0,16256,'','0.4448','','152','~8.5*10^16 kg (estimate)','0.0','','25','Prospero','1978.29','','','','','*10^5,000 km (estimate)',136,1.28852,'moon'),(155,0,14345,'','0.6608','','57','~5.5*10^15 kg (estimate)','0.0','','10','Margaret','1687.01','','','','','*10^,200 km3 (estimate)',136,2.69565,'moon'),(156,0,17418,'','0.5914','','158','~7.5*10^16 kg (estimate)','0.0','','24','Setebos','2225.21','','','','','*10^8,000 km (estimate)',136,1.9215,'moon'),(157,0,20901,'','0.3682','','170','~5.4*10^15 kg (estimate)','0.0','','6','Ferdinand','2887.21','','','','','*10^200 km3 (estimate)',136,2.82283,'moon'),(158,0,59,'','0.00092','','0.19308','~9.2*10^16 kg','0.0','','25','Bianca','0.434578986','','','','','*10^1,000 km',136,-1.78283,'moon'),(159,0,8504,'','0.22','','167','~3.9*10^15 kg (estimate)','0.0','','9','Trinculo','749.24','','','','','*10^,000 km3 (estimate)',136,2.18501,'moon'),(160,0,7231,'','0.1812','','120.28','~2.5*10^17 kg (estimate)','0.0','','36','Caliban','579.73','','','','','*10^00,000 km (estimate)',136,0.337101,'moon'),(161,0,8004,'','0.2292','','141.81','~2.2*10^16 kg (estimate)','0.0','','16','Stephano','677.37','','','','','*10^0,000 km3 (estimate)',136,-2.44775,'moon'),(162,0,4276,'','0.1459','','145','~7.2*10^15 kg (estimate)','0.0','','11','Francisco','266.56','','','','','*10^,000 km3 (estimate)',136,-2.63255,'moon'),(163,0,12179,'','0.5224','','159','~2.5*10^18 kg (estimate)','0.0','','82','Sycorax','1288.28','','','','','*10^,000,000 km (estimate)',136,-2.85608,'moon'),(164,0,4540000,'28.32','0.009456','23.5','1.767975','1.02413*10^26 kg','256.228','','24622','Neptune','60182','29','0.6713','11.15','','6.254*10^13 km3',1,2.29821,'planet'),(165,0,48,'','0.0047','','4.75','~1.9*10^17 kg','0.0','','30','Naiad','0.2943958','','','','','~1.5*10^5km',164,-2.25322,'moon'),(166,0,50,'','0.00176','','0.21','~3.5*10^17 kg','0.0','','40','Thalassa','0.31148444','','','','','~2.9*10^5km',164,-0.136146,'moon'),(167,0,52,'','0.00038','','0.216','~2.2*10^18 kg','0.0','','78','Despina','0.33465551','','','','','~1.8*10^6 km',164,-1.15737,'moon'),(168,0,61,'','0.00022','','0.052','2.12  0.08 *10^18 kg','0.0','','87','Galatea','0.42874431','','','','','~2.8*10^6km',164,-1.91509,'moon'),(169,0,73,'','0.001393','','0.251','~4.2*10^18 kg (estimate)','0.0','','97','Larissa','0.55465332','','','','','~3.5*10^6 km',164,-0.837753,'moon'),(170,0,354,'0','0.000016','1.455','129.812','2.14*10^22 kg','0.0','','1353','Triton','5.876854','','5','0.779','1.41.9Pa','*10^384000000 km3',164,-1.82305,'moon'),(171,0,117,'','0.00053','0.17','0.524','4.4*10^19 kg','0.0','','210','Proteus','1.12231477','117584','','0.07','','(3.40.4)*10^7 km3',164,1.96551,'moon'),(172,0.04,16611,'','0.2646','','134.1','','0.0','','31','Halimede','1879.08','','','','','',164,2.08769,'moon'),(173,0,5513,'','0.7507','','7.09','','0.0','','170','Nereid','360.1362','1372','','','','',164,-3.12686,'moon'),(174,0,22228,'','0.1365','','53.483','','0.0','','22','Sao','2912.72','','','','','',164,-2.92211,'moon'),(175,0,23613,'','0.3969','','37.874','','0.0','','21','Laomedeia','3171.33','','','','','',164,-2.24558,'moon'),(176,0,46705,'','0.4617','','137.679','','0.0','','19','Psamathe','9128.74','','','','','',164,-0.65905,'moon'),(177,0,49500,'','0.5714','','136.439','','0.0','','30','Neso','9740.73','','','','','',164,-1.73651,'moon'),(178,0,7375930,'122.53','0.2488','1.212','17.16','(1.3030.003)*10^22 kg','14.53','','1188','Pluto','90560','29','6.38723','0.62','1.0 Pa','(7.0570.004)*10^9 km3',1,1.9295,'planet'),(179,0,42,'82','0.005787','','0.809','7.5*10^15 kg','0.0','','10','Styx','20.16155','','3.24','','','',178,2.18233,'moon'),(180,NULL,19,'','0.0002','0.59','0.08','(1.5860.015)*10^21 kg',NULL,'','606','Charon','6.3872304','19','','0.288','','(9.320.14)*10^8 km3',178,-2.10758,'moon'),(181,0,48,'132','0.002036','','0.133','(4.54.0)*10^16 kg','0.0','','35','Nix','24.85463','','','0.00016319','','',178,-1.55351,'moon'),(182,0,57,'96','0.00328','','0.389','1.65*10^16 kg','0.0','','11','Kerberos','32.16756','','','','','',178,-1.12366,'moon'),(183,0,64,'110','0.005862','','0.242','(4.84.2)*10^16 kg','0.0','','22','Hydra','38.20177','','','0.00520055269','','',178,1.08482,'moon'),(184,0,7719000,'','0.19205','','28.21','(4.0060.040)*10^21 kg','216.57','','798','Haumea','104024','34','0.163141667','','','2.4*10^9 km3',1,-1.07392,'planet'),(185,0,25,'','0.249','','113.013','1.79  1.48*10^18 kg','178.5','','85','Namaka','18.2783','','','','','',184,1.21633,'moon'),(186,0,49,'','','','','','0.0','','155','Hi\'iaka','49.462','','','','','',184,-0.878622,'moon'),(187,0,7892900,'','0.15804','','28.9803','< 4.4 *10^021 kg','163.9435','','715','Makemake','112327','38','22.8266','','','(1.70.1)*10^9 km3',1,-2.60525,'planet'),(188,0,14581000,'','0.438','1.38','44.144','1.66*10^22','0.0','','1163','Eris','203645','5687000','','0.083','','6.59 * 10^9',1,-0.65905,'planet'),(189,0,37,'','0.013','','61.3','','0.0','','350','Dysnomia','0.04325','37350','','','','',188,0.433896,'moon');
/*!40000 ALTER TABLE `planets` ENABLE KEYS */;
UNLOCK TABLES;

--
-- Table structure for table `productions`
--

DROP TABLE IF EXISTS `productions`;
/*!40101 SET @saved_cs_client     = @@character_set_client */;
/*!40101 SET character_set_client = utf8 */;
CREATE TABLE `productions` (
  `id` int(11) NOT NULL AUTO_INCREMENT,
  `power` float DEFAULT NULL,
  `product` int(11) DEFAULT NULL,
  `station` int(11) DEFAULT NULL,
  PRIMARY KEY (`id`),
  KEY `product` (`product`),
  KEY `station` (`station`),
  CONSTRAINT `productions_ibfk_1` FOREIGN KEY (`product`) REFERENCES `products` (`id`),
  CONSTRAINT `productions_ibfk_2` FOREIGN KEY (`station`) REFERENCES `objects` (`id`)
) ENGINE=InnoDB AUTO_INCREMENT=88 DEFAULT CHARSET=utf8;
/*!40101 SET character_set_client = @saved_cs_client */;

--
-- Dumping data for table `productions`
--

LOCK TABLES `productions` WRITE;
/*!40000 ALTER TABLE `productions` DISABLE KEYS */;
INSERT INTO `productions` VALUES (1,4.5,4,1),(2,5,5,1),(4,3,8,1),(5,10,15,1),(6,20,16,1),(7,2,19,1),(8,1,11,1),(9,5,4,2),(10,20,5,2),(11,15,16,2),(12,1,13,2),(13,2,19,2),(14,2,8,2),(15,50,5,3),(16,3,7,3),(17,500,9,3),(18,100,10,3),(19,50,11,3),(20,20,19,3),(21,20,8,3),(22,40,5,4),(23,20,4,4),(24,180,9,4),(25,80,10,4),(26,10,13,4),(27,15,11,4),(28,50,8,4),(29,150,5,5),(30,10,7,5),(31,50,8,5),(32,100,9,5),(33,100,15,5),(34,30,19,5),(35,30,10,5),(36,50,1,6),(37,60,4,6),(38,80,5,6),(39,15,8,6),(40,60,11,6),(41,90,15,6),(42,20,19,6),(43,20,17,5),(44,40,17,4),(63,380,1,11),(64,17,6,11),(73,170,NULL,15),(74,8,8,15),(75,5,11,15),(76,23,16,15),(77,12,5,15),(78,2,17,15),(79,3,19,15),(80,8,15,15),(81,1,7,15),(82,120,5,16),(83,120,8,16),(84,170,9,16),(85,120,10,16),(86,100,15,16),(87,70,19,16);
/*!40000 ALTER TABLE `productions` ENABLE KEYS */;
UNLOCK TABLES;

--
-- Table structure for table `products`
--

DROP TABLE IF EXISTS `products`;
/*!40101 SET @saved_cs_client     = @@character_set_client */;
/*!40101 SET character_set_client = utf8 */;
CREATE TABLE `products` (
  `id` int(11) NOT NULL AUTO_INCREMENT,
  `title` varchar(255) DEFAULT NULL,
  `image` varchar(255) DEFAULT NULL,
  `bulk` float DEFAULT NULL,
  `mass` float DEFAULT NULL,
  `price` float DEFAULT NULL,
  PRIMARY KEY (`id`)
) ENGINE=InnoDB AUTO_INCREMENT=20 DEFAULT CHARSET=utf8;
/*!40101 SET character_set_client = @saved_cs_client */;

--
-- Dumping data for table `products`
--

LOCK TABLES `products` WRITE;
/*!40000 ALTER TABLE `products` DISABLE KEYS */;
INSERT INTO `products` VALUES (1,'Iron',NULL,0.2,1560,1000),(4,'Plastic',NULL,1,1000,1700),(5,'Electronics',NULL,1,50,2000),(6,'Uranium',NULL,0.1,1900,48000),(7,'Jewelry',NULL,0.1,5,3000),(8,'Medicine',NULL,1,300,2000),(9,'Grain',NULL,1,500,250),(10,'Sausages',NULL,1,200,1000),(11,'Weapon',NULL,1,200,25000),(12,'Plutonium',NULL,0.1,1986,40000),(13,'Light Drugs',NULL,0.1,100,7000),(14,'Synthetic drugs',NULL,0.1,100,18000),(15,'Raw Materials',NULL,1,2500,4000),(16,'Dry Mushrooms',NULL,1,200,1000),(17,'Entertainments',NULL,2,400,8000),(18,'Slaves',NULL,2,300,10000),(19,'Construction Technic',NULL,4,20000,30000);
/*!40000 ALTER TABLE `products` ENABLE KEYS */;
UNLOCK TABLES;

--
-- Table structure for table `users`
--

DROP TABLE IF EXISTS `users`;
/*!40101 SET @saved_cs_client     = @@character_set_client */;
/*!40101 SET character_set_client = utf8 */;
CREATE TABLE `users` (
  `id` int(11) NOT NULL AUTO_INCREMENT,
  `login` varchar(255) DEFAULT NULL,
  `title` varchar(255) DEFAULT NULL,
  `password` varchar(255) DEFAULT NULL,
  `role` varchar(255) DEFAULT 'user',
  `money` int(11) DEFAULT 0,
  `hack_attempts` int(11) DEFAULT NULL,
  `hack_block` datetime DEFAULT NULL,
  `station` int(11) DEFAULT NULL,
  PRIMARY KEY (`id`),
  KEY `station_fk` (`station`),
  CONSTRAINT `station_fk` FOREIGN KEY (`station`) REFERENCES `objects` (`id`)
) ENGINE=InnoDB AUTO_INCREMENT=4 DEFAULT CHARSET=utf8;
/*!40101 SET character_set_client = @saved_cs_client */;

--
-- Dumping data for table `users`
--

LOCK TABLES `users` WRITE;
/*!40000 ALTER TABLE `users` DISABLE KEYS */;
/*!40000 ALTER TABLE `users` ENABLE KEYS */;
UNLOCK TABLES;
/*!40103 SET TIME_ZONE=@OLD_TIME_ZONE */;

/*!40101 SET SQL_MODE=@OLD_SQL_MODE */;
/*!40014 SET FOREIGN_KEY_CHECKS=@OLD_FOREIGN_KEY_CHECKS */;
/*!40014 SET UNIQUE_CHECKS=@OLD_UNIQUE_CHECKS */;
/*!40101 SET CHARACTER_SET_CLIENT=@OLD_CHARACTER_SET_CLIENT */;
/*!40101 SET CHARACTER_SET_RESULTS=@OLD_CHARACTER_SET_RESULTS */;
/*!40101 SET COLLATION_CONNECTION=@OLD_COLLATION_CONNECTION */;
/*!40111 SET SQL_NOTES=@OLD_SQL_NOTES */;

-- Dump completed on 2020-03-19 13:09:57
