-- MariaDB dump 10.17  Distrib 10.4.8-MariaDB, for Win64 (AMD64)
--
-- Host: localhost    Database: solar
-- ------------------------------------------------------
-- Server version	10.4.8-MariaDB

/*!40101 SET @OLD_CHARACTER_SET_CLIENT=@@CHARACTER_SET_CLIENT */;
/*!40101 SET @OLD_CHARACTER_SET_RESULTS=@@CHARACTER_SET_RESULTS */;
/*!40101 SET @OLD_COLLATION_CONNECTION=@@COLLATION_CONNECTION */;
/*!40101 SET NAMES utf8mb4 */;
/*!40103 SET @OLD_TIME_ZONE=@@TIME_ZONE */;
/*!40103 SET TIME_ZONE='+00:00' */;
/*!40014 SET @OLD_UNIQUE_CHECKS=@@UNIQUE_CHECKS, UNIQUE_CHECKS=0 */;
/*!40014 SET @OLD_FOREIGN_KEY_CHECKS=@@FOREIGN_KEY_CHECKS, FOREIGN_KEY_CHECKS=0 */;
/*!40101 SET @OLD_SQL_MODE=@@SQL_MODE, SQL_MODE='NO_AUTO_VALUE_ON_ZERO' */;
/*!40111 SET @OLD_SQL_NOTES=@@SQL_NOTES, SQL_NOTES=0 */;

--
-- Table structure for table `inventory_item`
--

DROP TABLE IF EXISTS `inventory_item`;
/*!40101 SET @saved_cs_client     = @@character_set_client */;
/*!40101 SET character_set_client = utf8 */;
CREATE TABLE `inventory_item` (
  `id` int(11) NOT NULL AUTO_INCREMENT,
  `inventory_type` int(11) DEFAULT NULL,
  `title` varchar(255) DEFAULT NULL,
  `power_min` float DEFAULT NULL,
  `power_max` float DEFAULT NULL,
  `power_degradation` float DEFAULT NULL,
  `cooldown` float DEFAULT NULL,
  `energy_consumption` int(11) DEFAULT NULL,
  `durability` int(11) DEFAULT NULL,
  `price` int(11) DEFAULT NULL,
  `distance` int(11) DEFAULT NULL,
  `mass` int(11) DEFAULT NULL,
  `description` text DEFAULT NULL,
  PRIMARY KEY (`id`),
  KEY `inventory_type` (`inventory_type`),
  CONSTRAINT `inventory_item_ibfk_1` FOREIGN KEY (`inventory_type`) REFERENCES `inventory_type` (`id`)
) ENGINE=InnoDB AUTO_INCREMENT=68 DEFAULT CHARSET=utf8;
/*!40101 SET character_set_client = @saved_cs_client */;

--
-- Dumping data for table `inventory_item`
--

LOCK TABLES `inventory_item` WRITE;
/*!40000 ALTER TABLE `inventory_item` DISABLE KEYS */;
INSERT INTO `inventory_item` VALUES (1,5,'Laser',20,50,0.1,6,10,100,2000,200,150,''),(2,5,'Neutron gun',60,80,0.7,10,50,100,10000,300,200,NULL),(3,5,'PPC',60,150,0.7,20,40,200,15000,300,300,NULL),(4,5,'EMP gun',5,10,0.6,30,60,150,12000,50,150,NULL),(5,11,'Spark Minigun',10,25,0.9,0.2,0,300,8000,50,200,NULL),(6,5,'Graviton Beam',100,200,0.4,20,40,150,12000,250,300,NULL),(7,5,'High Energy PPC',200,300,0.7,30,100,150,20000,500,500,NULL),(8,5,'Plasma Gun',300,500,0.4,25,400,200,25000,150,1000,NULL),(9,5,'Phase Gun',40,60,0.4,5,50,150,25000,300,150,NULL),(10,14,'Twin Laser Turret',40,100,0.3,2,10,400,10000,150,1200,NULL),(11,14,'Spark Minigun Turret',10,25,0.6,0.2,0,500,20000,40,1200,NULL),(12,14,'Graviton Turret',120,300,0.8,20,60,500,25000,400,1000,NULL),(13,14,'Massive Plasma Turret',500,1500,0.3,40,2500,350,40000,200,5000,NULL),(14,14,'Phase Turret',60,80,0.8,5,25,500,30000,300,1200,NULL),(15,15,'Aluminium Armor',15,10,1,0,0,1500,6000,0,NULL,NULL),(16,15,'Tungester Armor',50,30,1,0,0,500,10000,0,NULL,NULL),(17,2,'Generator MK1',500,0,0.6,0,0,200,10000,0,2000,NULL),(18,2,'Generator MK2',750,0,0.6,0,0,200,20000,0,2500,NULL),(19,2,'Generator MK3',1000,0,0.5,0,0,300,30000,0,3000,NULL),(20,2,'Generator MK4',1500,0,0.5,0,0,400,40000,0,5000,NULL),(21,2,'Generator MK5',2500,0,0.4,0,0,600,50000,0,10000,NULL),(22,4,'Shield Generator MK1',25000,0,0.5,0,200,300,10000,0,1500,NULL),(23,4,'Shield Generator MK2',30000,10,0.4,0,300,300,15000,0,1600,NULL),(24,4,'Shield Generator MK3',40000,10,0.3,0,400,300,35000,0,1700,NULL),(25,4,'Hard Shield',20000,30,0.3,0,400,300,35000,0,1700,NULL),(26,4,'Shield Generator MK4',60000,10,0.3,0,1000,300,50000,0,3000,NULL),(27,4,'Shield Generator MK5',90000,15,0.3,0,1500,500,80000,0,5000,NULL),(28,4,'Hard Shield MK2',50000,40,0.3,0,1500,500,80000,0,5000,NULL),(29,16,'Battery MK1',1000,0,0.1,0,0,100,5000,0,1000,NULL),(30,16,'Battery MK2',3000,0,0.1,0,0,200,10000,0,1500,NULL),(31,16,'Battery MK3',6000,0,0.1,0,0,300,20000,0,2500,NULL),(32,16,'Battery Massive',20000,0,0.1,0,0,500,30000,0,5000,NULL),(33,1,'Star Jet Engine',300,450,0.7,0,100,300,10000,0,1000,NULL),(34,1,'Double Jet Engine',270,400,0.7,0,100,300,10000,0,1200,NULL),(35,1,'Cruiser Engine',400,500,0.6,0,300,350,15000,0,1500,NULL),(36,1,'Tweek Engine',300,800,0.6,0,400,250,15000,0,1400,NULL),(37,3,'Station Generator MK1',20000,0,0.1,0,0,5000,100000,0,20000,NULL),(38,3,'Station Generator MK2',30000,0,0.1,0,0,5000,150000,0,25000,NULL),(39,3,'Station Generator MK3',50000,0,0.1,0,0,5000,250000,0,30000,NULL),(40,6,'Rocket Launcher',0,0,0,50,0,250,12000,0,600,NULL),(41,6,'Small Torpedo Launcher',0,0,0,70,0,300,7000,700,800,NULL),(42,7,'Radar Predator',0,0,0.4,60,100,250,22000,60000,500,NULL),(43,7,'Radar Stone Eye 1.3',0,0,0.9,60,100,2500,18000,50000,500,NULL),(44,7,'Radar R5',0,0,0.5,100,150,250,20000,200000,500,NULL),(45,7,'Radar True Vision',0,0,0.6,50,150,150,25000,70000,1000,NULL),(46,7,'Radar Frequency',0,0,0.7,10,200,250,25000,60000,500,NULL),(47,9,'Image Recognition Rocket',500,700,1,0,0,0,1000,120000,250,NULL),(48,9,'Noise Durable Rocket',500,700,1,0,0,0,1000,200000,250,NULL),(49,9,'Smart Rocket',500,700,1,0,0,0,0,200000,250,NULL),(50,9,'Hydra Rocket',200,300,1,0,0,0,1500,12000,400,NULL),(51,10,'Small Torpedo',3000,4000,1,0,0,0,1000,100000,1000,NULL),(52,10,'Warhead Torpedo',800,1200,1,0,0,0,2000,100000,1200,NULL),(53,12,'Food Container',4,0,1,0,1,200,1000,0,250,NULL),(54,12,'Multipurpose Container',5,0,1,0,0,0,1000,0,200,NULL),(55,12,'Radioactive Container',3,0,0,0,0,300,1500,0,400,NULL),(56,13,'HG Food Container',28,0,0,0,5,2000,10000,0,1800,NULL),(57,13,'HG Multipurpose Container',30,0,0,0,0,3000,5000,0,1500,NULL),(58,13,'HG Radioactive Container',25,0,0,0,0,5000,14000,0,3000,NULL),(59,18,'HG Engine Falcon',500,1000,0.6,0,500,1200,35000,0,4000,NULL),(60,18,'HG Engine Tornado',400,1500,0.6,0,700,1500,35000,0,6000,NULL),(61,17,'Moon Rider',0,0,0,0,50,15000,70000,0,5000,'Small starship, designed for short travels between moons.'),(62,12,'Organic Container',4,NULL,NULL,NULL,10,NULL,2000,NULL,400,'Container designed for animals transfer.'),(63,13,'HG Container Room',2,0,0,0,10,1000,20000,0,4000,'Living module with autonomous life support system. Designed for 2 persons'),(64,13,'HG Container Sleep Pods',12,0,0,0,100,1000,15000,0,3500,'Container with 12 small cells (beds). No life support system.'),(65,17,'Cargonaught',0,0,0,0,200,70000,100000,0,80000,'Small cargo ship. Can trall 24 small containers.'),(66,17,'Orion',0,0,0,0,300,120000,150000,0,200000,'Multi purpose ship'),(67,17,'Sabre',NULL,NULL,NULL,NULL,50,45000,100000,NULL,20000,'Light fighter');
/*!40000 ALTER TABLE `inventory_item` ENABLE KEYS */;
UNLOCK TABLES;

--
-- Table structure for table `inventory_item_modification`
--

DROP TABLE IF EXISTS `inventory_item_modification`;
/*!40101 SET @saved_cs_client     = @@character_set_client */;
/*!40101 SET character_set_client = utf8 */;
CREATE TABLE `inventory_item_modification` (
  `id` int(11) NOT NULL AUTO_INCREMENT,
  `item_id` int(11) NOT NULL,
  `modification_id` int(11) NOT NULL,
  PRIMARY KEY (`id`),
  KEY `item_id` (`item_id`),
  KEY `modification_id` (`modification_id`),
  CONSTRAINT `inventory_item_modification_ibfk_1` FOREIGN KEY (`item_id`) REFERENCES `inventory_item` (`id`),
  CONSTRAINT `inventory_item_modification_ibfk_2` FOREIGN KEY (`modification_id`) REFERENCES `inventory_modification` (`id`)
) ENGINE=InnoDB AUTO_INCREMENT=3 DEFAULT CHARSET=utf8;
/*!40101 SET character_set_client = @saved_cs_client */;

--
-- Dumping data for table `inventory_item_modification`
--

LOCK TABLES `inventory_item_modification` WRITE;
/*!40000 ALTER TABLE `inventory_item_modification` DISABLE KEYS */;
INSERT INTO `inventory_item_modification` VALUES (2,61,1);
/*!40000 ALTER TABLE `inventory_item_modification` ENABLE KEYS */;
UNLOCK TABLES;

--
-- Table structure for table `inventory_item_socket`
--

DROP TABLE IF EXISTS `inventory_item_socket`;
/*!40101 SET @saved_cs_client     = @@character_set_client */;
/*!40101 SET character_set_client = utf8 */;
CREATE TABLE `inventory_item_socket` (
  `id` int(11) NOT NULL AUTO_INCREMENT,
  `item_id` int(11) NOT NULL,
  `item_type_id` int(11) NOT NULL,
  PRIMARY KEY (`id`),
  KEY `item_id` (`item_id`),
  KEY `item_type_id` (`item_type_id`),
  CONSTRAINT `inventory_item_socket_ibfk_1` FOREIGN KEY (`item_id`) REFERENCES `inventory_item` (`id`),
  CONSTRAINT `inventory_item_socket_ibfk_2` FOREIGN KEY (`item_type_id`) REFERENCES `inventory_type` (`id`)
) ENGINE=InnoDB AUTO_INCREMENT=7 DEFAULT CHARSET=utf8;
/*!40101 SET character_set_client = @saved_cs_client */;

--
-- Dumping data for table `inventory_item_socket`
--

LOCK TABLES `inventory_item_socket` WRITE;
/*!40000 ALTER TABLE `inventory_item_socket` DISABLE KEYS */;
/*!40000 ALTER TABLE `inventory_item_socket` ENABLE KEYS */;
UNLOCK TABLES;

--
-- Table structure for table `inventory_modification`
--

DROP TABLE IF EXISTS `inventory_modification`;
/*!40101 SET @saved_cs_client     = @@character_set_client */;
/*!40101 SET character_set_client = utf8 */;
CREATE TABLE `inventory_modification` (
  `id` int(11) NOT NULL AUTO_INCREMENT,
  `title` varchar(255) DEFAULT NULL,
  `data` varchar(255) DEFAULT NULL,
  PRIMARY KEY (`id`)
) ENGINE=InnoDB AUTO_INCREMENT=2 DEFAULT CHARSET=utf8;
/*!40101 SET character_set_client = @saved_cs_client */;

--
-- Dumping data for table `inventory_modification`
--

LOCK TABLES `inventory_modification` WRITE;
/*!40000 ALTER TABLE `inventory_modification` DISABLE KEYS */;
INSERT INTO `inventory_modification` VALUES (1,'small_hull','40');
/*!40000 ALTER TABLE `inventory_modification` ENABLE KEYS */;
UNLOCK TABLES;

--
-- Table structure for table `inventory_type`
--

DROP TABLE IF EXISTS `inventory_type`;
/*!40101 SET @saved_cs_client     = @@character_set_client */;
/*!40101 SET character_set_client = utf8 */;
CREATE TABLE `inventory_type` (
  `id` int(11) NOT NULL AUTO_INCREMENT,
  `title` varchar(255) DEFAULT NULL,
  PRIMARY KEY (`id`)
) ENGINE=InnoDB AUTO_INCREMENT=19 DEFAULT CHARSET=utf8;
/*!40101 SET character_set_client = @saved_cs_client */;

--
-- Dumping data for table `inventory_type`
--

LOCK TABLES `inventory_type` WRITE;
/*!40000 ALTER TABLE `inventory_type` DISABLE KEYS */;
INSERT INTO `inventory_type` VALUES (1,'engine'),(2,'generator'),(3,'large_generator'),(4,'shield'),(5,'energy_weapon'),(6,'rocket_weapon'),(7,'radar'),(9,'rocket'),(10,'torpedo'),(11,'ammo_weapon'),(12,'container'),(13,'huge_container'),(14,'turret'),(15,'armor'),(16,'battery'),(17,'hull'),(18,'huge_engine');
/*!40000 ALTER TABLE `inventory_type` ENABLE KEYS */;
UNLOCK TABLES;

--
-- Table structure for table `permission`
--

DROP TABLE IF EXISTS `permission`;
/*!40101 SET @saved_cs_client     = @@character_set_client */;
/*!40101 SET character_set_client = utf8 */;
CREATE TABLE `permission` (
  `id` int(11) NOT NULL AUTO_INCREMENT,
  `permission_type` int(11) DEFAULT NULL,
  `user_id` int(11) DEFAULT NULL,
  PRIMARY KEY (`id`),
  KEY `permission_type` (`permission_type`),
  KEY `user_id` (`user_id`),
  CONSTRAINT `permission_ibfk_1` FOREIGN KEY (`permission_type`) REFERENCES `permission_type` (`id`),
  CONSTRAINT `permission_ibfk_2` FOREIGN KEY (`user_id`) REFERENCES `users` (`id`)
) ENGINE=InnoDB AUTO_INCREMENT=16 DEFAULT CHARSET=utf8;
/*!40101 SET character_set_client = @saved_cs_client */;

--
-- Dumping data for table `permission`
--

LOCK TABLES `permission` WRITE;
/*!40000 ALTER TABLE `permission` DISABLE KEYS */;
INSERT INTO `permission` VALUES (1,1,3),(2,2,3),(8,5,3),(9,3,3),(11,6,3),(12,8,3),(14,4,3),(15,7,3);
/*!40000 ALTER TABLE `permission` ENABLE KEYS */;
UNLOCK TABLES;

--
-- Table structure for table `permission_type`
--

DROP TABLE IF EXISTS `permission_type`;
/*!40101 SET @saved_cs_client     = @@character_set_client */;
/*!40101 SET character_set_client = utf8 */;
CREATE TABLE `permission_type` (
  `id` int(11) NOT NULL AUTO_INCREMENT,
  `title` varchar(255) DEFAULT NULL,
  PRIMARY KEY (`id`)
) ENGINE=InnoDB AUTO_INCREMENT=10 DEFAULT CHARSET=utf8;
/*!40101 SET character_set_client = @saved_cs_client */;

--
-- Dumping data for table `permission_type`
--

LOCK TABLES `permission_type` WRITE;
/*!40000 ALTER TABLE `permission_type` DISABLE KEYS */;
INSERT INTO `permission_type` VALUES (1,'edit-inventory'),(2,'edit-inventory-type'),(3,'edit-planets'),(4,'edit-product'),(5,'edit-station'),(6,'edit-permission'),(7,'assign-permission'),(8,'see-permissions'),(9,'edit-user');
/*!40000 ALTER TABLE `permission_type` ENABLE KEYS */;
UNLOCK TABLES;

--
-- Table structure for table `planets`
--

DROP TABLE IF EXISTS `planets`;
/*!40101 SET @saved_cs_client     = @@character_set_client */;
/*!40101 SET character_set_client = utf8 */;
CREATE TABLE `planets` (
  `id` int(11) NOT NULL AUTO_INCREMENT,
  `aldebo` float DEFAULT NULL,
  `aphelion` int(11) DEFAULT NULL,
  `axial_tilt` varchar(255) DEFAULT NULL,
  `eccentricity` varchar(255) DEFAULT NULL,
  `escape_velocity` varchar(255) DEFAULT NULL,
  `inclination` varchar(255) DEFAULT NULL,
  `mass` varchar(255) DEFAULT NULL,
  `mean_anomaly` varchar(255) DEFAULT NULL,
  `mean_orbit_radius` varchar(255) DEFAULT NULL,
  `mean_radius` varchar(255) DEFAULT NULL,
  `title` varchar(255) DEFAULT NULL,
  `orbital_period` varchar(255) DEFAULT NULL,
  `perihelion` varchar(255) DEFAULT NULL,
  `sidereal_rotation_period` varchar(255) DEFAULT NULL,
  `surface_gravity` varchar(255) DEFAULT NULL,
  `surface_pressure` varchar(255) DEFAULT NULL,
  `volume` varchar(255) DEFAULT NULL,
  `parent` int(11) DEFAULT NULL,
  `angle` float DEFAULT NULL,
  `type` varchar(255) DEFAULT NULL,
  PRIMARY KEY (`id`),
  KEY `parent` (`parent`),
  CONSTRAINT `planets_ibfk_1` FOREIGN KEY (`parent`) REFERENCES `planets` (`id`)
) ENGINE=InnoDB AUTO_INCREMENT=190 DEFAULT CHARSET=utf8;
/*!40101 SET character_set_client = @saved_cs_client */;

--
-- Dumping data for table `planets`
--

LOCK TABLES `planets` WRITE;
/*!40000 ALTER TABLE `planets` DISABLE KEYS */;
INSERT INTO `planets` VALUES (1,0,0,'','','617.7','','1.9885*10^30 kg','0.0','','696342','Sun','0','','','274','','1.41*10^18 km3',NULL,2.51299,'star'),(2,NULL,69816,'2.04','0.205','4.25','7.005','3.3011*10^23 kg','174.796','','2439','Mercury','87.969','0','58.646','3.7','<0.5 nPa','6.083*10^10 km3',1,-2.58744,'planet'),(3,NULL,108939,'2.64','0.006772','10.36','3.39458','4.8675*10^24 kg','50.115','','6051','Venus','224.701','0','-243.025','8.87','9.2 MPa','9.2843*10^11 km3',1,1.41163,'planet'),(4,NULL,152100,'23.4392811','0.0167086','11.186','7.155','5.97237*10^24 kg','358.617','','6371','Earth','365.256363004','147095000','0.99726968','9.807','101.325 kPa','1.08321*10^12 km3',1,0.392449,'planet'),(5,NULL,405,'1.5424','0.0549','2.38','5.145','7.342*10^22 kg',NULL,'','1737','Moon','27.321661','362','27.321661','1.62','10^−7 Pa','2.1958*10^10 km3',4,-1.03505,'moon'),(6,NULL,249200,'25.19','0.0934','5.027','1.85','6.4171*10^23 kg',NULL,'','3389','Mars','686.971','206700000','1.025957','3.72076','0.636 (0.4–0.87) kPa','1.6318*10^11 km3',1,0.426013,'planet'),(7,NULL,23,'','0.00033','5.556','0.93','1.4762*10^15 kg',NULL,'','6','Deimos','1.263','23','','0.003','','*10^9.78 km3',6,-1.92035,'moon'),(8,NULL,9,'0','0.0151','11.39','1.093','1.0659*10^16 kg',NULL,'','11','Phobos','0.31891023','9','','0.0057','','*10^83.61 km3',6,-1.2367,'moon'),(9,0,445749,'4','0.0760090291','0.51','10.59406704','(9.3835±0.0001)*10^20 kg','77.37209','','469','Ceres','1682.65','2','9.07417','0.28','','*10^4,000,000 km3',1,-3.07246,'planet'),(10,0,816620,'3.13','0.0489','59.5','1.303','1.8982*10^27 kg','20.02','','69911','Jupiter','4332.59','740','9.925','24.79','20–200 kPa','1.4313*10^15 km3',1,0.122594,'planet'),(11,0,128,'','0.0002','','0.06','1.2*10^17 kg','0.0','128000 km (1.792 RJ)[1][2]','21','Metis','0.29478','','','','','*10^42700 km3',10,2.95147,'moon'),(12,NULL,129,'','0.0015','','0.03','',NULL,'129000','9','Adrastea','0.29826','','','','','*10^2345 km3',10,1.56752,'moon'),(13,NULL,182,'','0.00319','','0.374','(2.08±0.15)*10^18 kg',NULL,'','84','Amalthea','0.49817943','181150','','','','(2.43±0.22)*10^6 km3',10,-0.0781322,'moon'),(14,0,226,'','0.0175','20','1.076','','0.0','','49','Thebe','0.674536','218000','','0.013','','*10^500000 km3',10,3.08476,'moon'),(15,NULL,423,'','0.0041','2.558','0.05','(8.931938±0.000018)*10^22 kg',NULL,'','1821','Io','1.769137786','420','','1.796','5 to 40 nbar','2.53*10^10 km3',10,-1.35853,'moon'),(16,NULL,677,'0.1','0.009','2.025','0.47','(4.799844±0.000013)*10^22 kg',NULL,'','1560','Europa','728','664862','','1.314','0.1 µPa','1.593*10^10 km3',10,-1.19077,'moon'),(17,NULL,1071,'0','0.0013','2.741','2.214','1.4819*10^23 kg',NULL,'','2634','Ganymede','7.15455296','1069200','','1.428','0.2–1.2 µPa','7.66*10^10 km3',10,-0.973103,'moon'),(18,NULL,1897,'','0.0074','2.44','2.017','(1.075938±0.000137)*10^23 kg',NULL,'','2410','Callisto','16.6890184','1869','','1.235','7.5 picobar[7] (7.5×10−10 kPa','5.9*10^10 km3',10,-1.48885,'moon'),(19,0,5909,'','0.2006','','45.81','6.89*10^14 kg','0.0','','4','Themisto','129.82761','5','','','','*10^70 km3',10,0.680682,'moon'),(20,0,11160,'','0.16','','27.46','1.1*10^16 kg','0.0','','5','Leda','240.92','','','','','*10^200 km3',10,-2.67489,'moon'),(21,0,11720,'','0.11','','28.3','6.3*10^16 kg','0.0','','18','Lysithea','259.2','','','','','*10^4,400 km3',10,0.714419,'moon'),(22,NULL,11740,'','0.22','','26.63','8.7*10^17 kg',NULL,'','43','Elara','259.64','','','','','*10^33,000 km3',10,-2.06635,'moon'),(23,NULL,17145,'','0.4316','','56','',NULL,'','1.5','Carpo','458.625','','','','','',10,-1.41487,'moon'),(24,NULL,19300,'','','','','',NULL,'','1','Euporie','538.78','','','','','',10,2.00219,'moon'),(25,NULL,20465,'','','','','',NULL,'','1.52','Euanthe','598.093','','','','','',10,-0.175097,'moon'),(26,0,21075,'','0.337','','146.46','','0.0','','1','Orthosie','625.07','','','','','',10,1.01508,'moon'),(27,NULL,20722,'','0.2874','11','','1.9483*10^14 kg',NULL,'','2.6','Iocaste','631','16','','0.002','','74 km3 (6.8*10^−11 Earths)',10,-2.00268,'moon'),(28,0,20453,'','','','','','0.0','','1','Thelxinoe','597.607','','','','','',10,0.640778,'moon'),(29,NULL,20500,'','','','','',NULL,'','2','Helike','601.402','','','','','',10,0.433896,'moon'),(30,NULL,21300,'','0.24','','148.89','4.0*10^16 kg',NULL,'','14','Ananke','610.45','12','','0.01','','*10^1,500 km3',10,-2.47702,'moon'),(31,NULL,23400,'','0.25','','164.91','1.3*10^17 kg',NULL,'','23','Carme','702.28','','','','','*10^1,000 km³',10,-2.31768,'moon'),(32,0,24094,'','0.2953','','145.24','3.0*10^17 kg','0.0','','20','Pasiphae','764.082032','16','','','','*10^13,000 km³',10,-2.89313,'moon'),(33,0,23540,'','0.25','','128.11','7.5*10^16 kg','0.0','','19','Sinope','724.1','18','','0.014','','*10^8,700 km3',10,-2.69445,'moon'),(34,NULL,24099,'','0.2796','','147.08','','107.962','','4.3','Callirrhoe','758.82','','','','','',10,-0.0236453,'moon'),(35,NULL,13082,'','0.16','','27.5','(4.2±0.6)*10^18 kg',NULL,'','102','Himalia','250.56','9','7.782','','','*10^2570000 km3',10,1.33195,'moon'),(36,NULL,23483,'','','','','',NULL,'','2','Eukelade','746','','','','','',10,-3.10303,'moon'),(37,0,12297,'','0.21','','28.2','','0.0','','2','Dia','278.21','','','','','',10,2.98779,'moon'),(38,0,18951,'','0.492','','143','1.50*10^12 kg','0.0','','0.5','S/2003 J12','489.72','','','','','',10,-0.566425,'moon'),(39,0,19621,'','','','','','0.0','','1','Eupheme','583.518','','','','','',10,-2.72151,'moon'),(40,0,20220,'','','','','','0.0','','1','S/2003 J18','587.38','','','','','',10,2.62853,'moon'),(41,0,20434,'','','','151','','0.0','','1','S/2003 J16','610.362','','','','','',10,0.315847,'moon'),(42,0,22730,'','','','164','','0.0','','1','S/2003 J10','716.129','','','','','',10,1.19384,'moon'),(43,0,23857,'','','','165','','0.0','','0.5','S/2003 J9','752.839','','','','','',10,0.990725,'moon'),(44,0,24055,'','','','149','','0.0','','1','S/2003 J23','732.538','','','','','',10,-1.79605,'moon'),(45,0,22745,'','','','165','','0.0','','1','S/2003 J19','699.125','','','','','',10,-0.0757432,'moon'),(46,0,28493,'','0.4074','','154','','0.0','','1','S/2003 J2','981.55','','','','','',10,-0.982608,'moon'),(47,0,23570,'','','','','','0.0','','1','S/2003 J4','723','','','','','',10,2.2799,'moon'),(48,NULL,23702,'','','','','',NULL,'','1.5','Hegemone','739','','','','','',10,3.05868,'moon'),(49,0,24000,'','','','','','0.0','','2','Aoede','761.50','','','','','',10,3.03838,'moon'),(50,0,23111,'','','','','','0.0','','1','Kallichore','764.7','','','','','',10,-1.92668,'moon'),(51,0,24046,'','','','','','0.0','24046','4','Autonoe','760.95','','','','','',10,2.97836,'moon'),(52,0,23396,'','','','','','0.0','','2','Cyllene','737.8','','','','','',10,-1.54962,'moon'),(53,NULL,21063,'','','','','',NULL,'','2','Harpalyke','623','','','','','',10,2.63761,'moon'),(54,0,20823,'','','','','','0.0','','3.5','Praxidike','625.3','','','','','',10,-1.61045,'moon'),(55,0,20940,'','','','','','0.0','','2','Thyone','627.3','','','','','',10,-0.576883,'moon'),(56,0,21129,'','','','','','0.0','','1','Mneme','620','','','','','',10,2.74991,'moon'),(57,NULL,21131,'','','','','',NULL,'','2','Hermippe','633','','','','','',10,-3.07396,'moon'),(58,0,22011,'','','','','','0.0','','1','Philophrosyne','689.8','','','','','',10,-2.24009,'moon'),(59,NULL,22865,'','','','','',NULL,'','1.5','Eurydome','717','','','','','',10,-2.32983,'moon'),(60,0,23400,'','','','','','0.0','','1.5','Arche','731.95','','','','','',10,2.11475,'moon'),(61,NULL,22510,'','','','','',NULL,'','1','Herse','714','','','','','',10,-0.36225,'moon'),(62,0,23004,'','','','','','0.0','','1','Pasithee','719.44','','','','','',10,-0.416361,'moon'),(63,0,23100,'','0.2521','','','','0.0','','1.9','Chaldene','723.72','','','','','',10,-1.50901,'moon'),(64,NULL,23800,'','','','','',NULL,'','2','Isonoe','725','','','','','',10,2.93286,'moon'),(65,NULL,23279,'','','','','',NULL,'','3','Erinome','728','','','','','',10,1.30245,'moon'),(66,NULL,22409,'','','','','',NULL,'','1','Kale','625','','','','','',10,1.49247,'moon'),(67,0,23200,'','','','','','0.0','','1.5','Aitne','730.18','','','','','',10,-0.926856,'moon'),(68,0,23280,'','','','','','0.0','','2.5','Taygete','732','','','','','',10,1.03646,'moon'),(69,0,23487,'','','','','','0.0','','1','Sponde','748.34','','','','','',10,-1.92632,'moon'),(70,0,24687,'','','','','','0.0','','2.5','Megaclite','752.8','','','','','',10,-2.13921,'moon'),(71,0,23973,'','','','','','0.0','','2','Eirene','759.7','','','','','',10,1.31694,'moon'),(72,0,23180,'','','','','','0.0','','2.5','Kalyke','743','','','','','',10,-2.6274,'moon'),(73,0,24974,'','','','','','0.0','','1','Kore','779.2','','','','','',10,0.36903,'moon'),(74,0,1514500,'26.73','0.0565','35.5','2.485','5.6834*10^26 kg95.159','317.02','','58232','Saturn','10759','1','10','10.44','140 kPa','8.2713*10^14 km3',1,2.21452,'planet'),(75,0,17910,'','0.1081','','49.9','','0.0','','3.5','Tarqeq','894.86','','','','','',74,1.05551,'moon'),(76,0,133,'','0.0000144','','0.0001','(4.95±0.75)*10^15 kg','0.0','','14','Pan','0.575050718','','','0.0001','','',74,-0.124055,'moon'),(77,0,136,'','0.0000331','','0.0036','(7.7±1.5)*10^13 kg','0.0','','4','Daphnis','0.5940798','','','0.0001','','',74,2.28221,'moon'),(78,0,137,'','0.0012','','0.003','(6.60±0.45)*10^15 kg','0.0','','15','Atlas','0.6016947883','','','0.0002','','*10^14400 km3',74,1.40479,'moon'),(79,0,139,'','0.0022','','0.008','(1.595±0.015)*10^17 kg ','0.0','','43','Prometheus','0.612990038','','','0.0013','','*10^340000 km3 ',74,3.0095,'moon'),(80,0,141,'','0.0042','','0.05','(1.371±0.019)*10^17 kg','0.0','','40','Pandora','0.628504213','','','0.0026','','*10^280000 km3',74,-0.55514,'moon'),(81,0,151,'','0.0098','','0.351','(5.266±0.006)*10^17 kg ','0.0','','59','Epimetheus','0.694333517','','','0.0064','','*10^780000 km3',74,-2.31169,'moon'),(82,0,151,'','0.0068','','0.163','(1.8975±0.0012)*10^18 kg ','0.0','','89','Janus','0.694660342','','','0.011','','*10^716000 km3',74,1.22681,'moon'),(83,NULL,189,'','0.0196','0.159','1.574','(3.7493±0.0031)*10^19 kg ',NULL,'','198','Mimas','0.942','181','','0.064','','*10^600000±200000 km3',74,-2.50408,'moon'),(84,0,194,'','0.0001','','0.007','','0.0','','1','Methone','1.009573975','','','','','',74,-1.9788,'moon'),(85,0,237,'0','0.0047','0.239','0.009','(1.08022±0.00101)*10^20 kg','0.0','','252','Enceladus','1.370218','','','0.113','','',74,2.49413,'moon'),(86,0,17531,'','0.2961','','46','','0.0','','20','Siarnaq','895.55','','','','','',74,-1.30494,'moon'),(87,0,15200,'','0.3631','','45.083','','0.0','','11','Paaliaq','686.9','','','','','',74,2.34676,'moon'),(88,0,17604,'','0.4724','','34.692','','0.0','','5','Erriapo','871.2','','','','','',74,1.428,'moon'),(89,0,197,'','0.0011','','0.1','1.5*10^12 kg','0.0','','0.9','Anthe','1.05089','','','0.00012','','*10^km³',74,2.8696,'moon'),(90,0,212,'','0.004','','0.181','','0.0','','2','Pallene','1.153745829','','','','','',74,0.829615,'moon'),(91,0,294,'','0','','1.56','','0.0','','11','Calypso','1.887802','','','','','',74,-2.50269,'moon'),(92,0,377,'','0.0192','','0.1774','1–5 *10^13 kg ','0.0','','1','Polydeuces','2.736915','','','','','',74,2.38544,'moon'),(93,0,294,'','0','','1.19','','0.0','','12','Telesto','1.887802','','','','','',74,0.808038,'moon'),(94,0,377,'','0.0022','0.51','0.019','(1.095452±0.000168)*10^21 kg','0.0','','561','Dione','2.736915','','','0.232','','',74,0.166929,'moon'),(95,0,377,'','0.0022','','0.199','','0.0','','17.6','Helene','2.736915','','','','','',74,2.1825,'moon'),(96,0,527,'','0.0012583','0.635','0.345','(2.306518±0.000353)*10^21 kg ','0.0','','750','Rhea','4.518212','','','0.264','','',74,2.26606,'moon'),(97,0,3560,'','0.0276812','0.573','17.28','(1.805635±0.000375)*10^21 kg ','0.0','','734','Iapetus','79.3215','','','0.223','','',74,-1.42152,'moon'),(98,0,11110,'','0.3288','','45.71','','0.0','','8','Kiviuq','449.22','','','','','',74,-0.331052,'moon'),(99,0,11124,'','0.3163','','46.444','','0.0','','12','Ijiraq','451.4','','','','','',74,2.92113,'moon'),(100,0,16182,'','0.477','','34.207','','0.0','','16','Albiorix','783','','','','','',74,-2.25652,'moon'),(101,0,17983,'','0.5305','','33.825','','0.0','','7.5','Tarvos','926.2','','','','','',74,-0.875835,'moon'),(102,0,17560,'','0.418','','156','','0.0','','3','Skoll','869','','','','','',74,2.61533,'moon'),(103,NULL,1257,'','0.0288','2.639','0.34854','(1.3452±0.0002)*10^23 kg',NULL,'','2574','Titan','15.945','1186680','','1.352','146.7 kPa','7.16*10^10 km3',74,-0.968087,'moon'),(104,NULL,18811,'','','','','',NULL,'','6','Jarnsaxa','943.784','','','','','',74,-1.13886,'moon'),(105,0,22454,'','0.1363','','164.955','','146.614','','2','Fenrir','1260.35','','','','','',74,-0.359173,'moon'),(106,0,23040,'','0.3349','8.7','173.125','5.1*10^15 kg','244.521','','9','Ymir','1315.14','','','','','',74,-2.85773,'moon'),(107,0,1481,'','0.1230061','45','0.43','(5.6199±0.05)*10^18 kg','0.0','','137','Hyperion','21.276','','','0.017','','',74,0.798897,'moon'),(108,0,12955,'152.14','0.1562415','','173.04','(8.292±0.010)*10^18 kg','0.0','','106','Phoebe','550.564636','','9.2735','0.038','','',74,-2.02581,'moon'),(109,0,294,'','0.0001','0.394','1.12','(6.17449±0.00132)*10^20 kg','0.0','','531','Tethys','1.887802','','','0.146','','',74,-3.02596,'moon'),(110,0,167,'','','','','','0.0','','0.36','Aegaeon','0.808','','','','','',74,1.5619,'moon'),(111,0,15576,'','','','','','0.0','','4','Skathi','725.784','','','','','',74,2.44246,'moon'),(112,0,16700,'','','','','','0.0','','3','S/2007 S2','808','','','','','',74,0.933761,'moon'),(113,0,17119,'','','','','','0.0','','3','Bebhionn','834','','','','','',74,-2.04248,'moon'),(114,0,18206,'','','','','','0.0','','3','Greip','921','','','','','',74,-2.12892,'moon'),(115,0,18404,'','','','','','0.0','','3','S/2004 S13','933.48','','','','','',74,-0.0760696,'moon'),(116,0,18437,'','','','','','0.0','','4','Hyrrokkin','931','','','','','',74,1.13458,'moon'),(117,0,18628,'','','','','','0.0','','3.5','Mundilfari','952.77','','','','','',74,2.02276,'moon'),(118,0,117,'','','','','','0.0','','0.150','S/2006 S1','0.4725','','','','','',74,-3.08848,'moon'),(119,0,19007,'','','','','','0.0','','3.5','Narvi','1003.86','','','','','',74,2.77715,'moon'),(120,0,19336,'','','','','','0.0','','3','Bergelmir','1005.74','','','','','',74,2.97848,'moon'),(121,0,19447,'','','','','','0.0','','2','S/2004 S17','1014.7','','','','','',74,-0.180896,'moon'),(122,0,19667,'','','','','','0.0','','3.5','Suttungr','1029.703','','','','','',74,1.76341,'moon'),(123,0,20303,'','','','','','0.0','','3','Hati','1038','','','','','',74,-0.460746,'moon'),(124,0,19878,'','','','','','0.0','','2.5','S/2004 S12','1046.19','','','','','',74,-2.30829,'moon'),(125,0,20192,'','','','','','0.0','','3.5','Bestla','1088','','','','','',74,-2.01165,'moon'),(126,0,20377,'','','','','','0.0','','2.5','Farbauti','1085','','','','','',74,-1.73874,'moon'),(127,0,20474,'','','','','','0.0','','3.5','Thrymr','1094.3','','','','','',74,-2.36492,'moon'),(128,0,18975,'','','','','','0.0','','3','S/2007 S3','977','','','','','',74,1.01041,'moon'),(129,0,20751,'','','','','','0.0','','3','Aegir','1117','','','','','',74,1.05506,'moon'),(130,0,20999,'','','','','','0.0','','2','S/2004 S7','1140','','','','','',74,-1.52769,'moon'),(131,0,140,'','','','','','0.0','','2','S/2006 S3','0.62','','','','','',74,-0.681085,'moon'),(132,0,22350,'','','','','','0.0','','3.5','Kari','1233.6','','','','','',74,-2.33297,'moon'),(133,0,22704,'','','','','','0.0','','3','Surtur','1297.36','','','','','',74,-0.497502,'moon'),(134,0,23190,'','','','','','0.0','','3','Loge','1312','','','','','',74,1.0222,'moon'),(135,0,25146,'','','','','','0.0','','3','Fornjot','1494','','','','','',74,-2.37785,'moon'),(136,0,3008000,'97.77','0.046381','21.3','0.773','(8.6810±0.0013)*10^25 kg','142.2386','','25362','Uranus','30688','18','','8.69','','6.833*10^13 km3',1,1.42188,'planet'),(137,0,49,'','0.00026','','0.08479','~4.4*10^16 kg','0.0','','20','Cordelia','0.33503384','','','','','*10^8,900 km³',136,-2.47353,'moon'),(138,0,64,'','0.00066','','0.06546','~5.6*10^17 kg','0.0','','46','Juliet','0.49306549','','','','','*10^32,000 km³',136,-2.78428,'moon'),(139,NULL,62,'','0.00013','','0.11252','~1.8*10^17 kg',NULL,'','32','Desdemona','0.473649597','','','','','*10^64,000 km³',136,2.36508,'moon'),(140,0,75,'','0.00007','','0.03063','~3.6*10^17 kg','0.0','','40','Belinda','0.62352747','','','','','*10^80,000 km³ ',136,-1.02856,'moon'),(141,0,53,'','0.00992','','0.10362','~5.3*10^16 kg','0.0','','40','Ophelia','0.37640039','','','','','*10^1,000 km³',136,1.39843,'moon'),(142,0,66,'','0.00005','','0.05908','~1.7*10^18 kg','0.0','','67','Portia','0.5131959201','','','','','*10^,300,000 km³',136,1.60514,'moon'),(143,NULL,61,'','0.00036','','0.006','2.5±0.4*10^17 kg',NULL,'','39','Cressida','0.463569601','','','','','*10^60,000 km³',136,2.20378,'moon'),(144,0,74,'0','0.0013','','0.1','~3.8*10^15 kg','0.0','','9','Cupid','0.618','','','','','*10^,000 km³',136,2.29293,'moon'),(145,NULL,69,'','0.00011','','0.27876','~2.5*10^17 kg',NULL,'','36','Rosalind','0.558459529','','','','','*10^00,000 km³',136,1.7405,'moon'),(146,0,76,'','0.0012','','0','~0.18*10^17 kg','0.0','','15','Perdita','0.638021','','','','','*10^4,000 km³ ',136,-3.00843,'moon'),(147,0,129,'0','0.0013','0.193','4.232','(6.4±0.3)*10^19 kg','0.0','','235','Miranda','1.413479','','','0.079','','*10^835000 km3',136,0.654876,'moon'),(148,0,86,'','0.00012','0.069','0.31921','~2.9 *10^018 kg','0.0','','81','Puck','0.76183287','','','0.028','','*10^,225,000 km³ ',136,1.07475,'moon'),(149,0,266,'0','0.0039','0.52','0.128','(1.275±0.028)*10^21 kg','0.0','','584','Umbriel','4.144','','','0.2','zero','*10^7300000 km3',136,1.96008,'moon'),(150,0,191,'','0.0012','0.559','0.26','(1.251±0.021)*10^21 kg','0.0','','578','Ariel','2.52','','','0.269','','*10^2600000 km3',136,-2.43607,'moon'),(151,0,435,'','0.0011','0.773','0.34','(3.400±0.061)*10^21 kg','0.0','','788','Titania','8.706234','','','0.379','<1–2 mPa','*10^65000000 km3',136,-0.370201,'moon'),(152,0,97,'0','0.0025','','0.1335','~1 *10^015 kg','0.0','','6','Mab','0.923','','','','','*10^,000 km³',136,-0.817176,'moon'),(153,0,583,'','0.0014','0.727','0.058','(3.076±0.087)*10^21 kg','0.0','','761','Oberon','13.463234','','','0.346','','*10^49000000 km3',136,-2.76976,'moon'),(154,0,16256,'','0.4448','','152','~8.5*10^16 kg (estimate)','0.0','','25','Prospero','1978.29','','','','','*10^5,000 km³ (estimate)',136,1.28852,'moon'),(155,0,14345,'','0.6608','','57','~5.5*10^15 kg (estimate)','0.0','','10','Margaret','1687.01','','','','','*10^,200 km3 (estimate)',136,2.69565,'moon'),(156,0,17418,'','0.5914','','158','~7.5*10^16 kg (estimate)','0.0','','24','Setebos','2225.21','','','','','*10^8,000 km³ (estimate)',136,1.9215,'moon'),(157,0,20901,'','0.3682','','170','~5.4*10^15 kg (estimate)','0.0','','6','Ferdinand','2887.21','','','','','*10^200 km3 (estimate)',136,2.82283,'moon'),(158,0,59,'','0.00092','','0.19308','~9.2*10^16 kg','0.0','','25','Bianca','0.434578986','','','','','*10^1,000 km³',136,-1.78283,'moon'),(159,0,8504,'','0.22','','167','~3.9*10^15 kg (estimate)','0.0','','9','Trinculo','749.24','','','','','*10^,000 km3 (estimate)',136,2.18501,'moon'),(160,0,7231,'','0.1812','','120.28','~2.5*10^17 kg (estimate)','0.0','','36','Caliban','579.73','','','','','*10^00,000 km³ (estimate)',136,0.337101,'moon'),(161,0,8004,'','0.2292','','141.81','~2.2*10^16 kg (estimate)','0.0','','16','Stephano','677.37','','','','','*10^0,000 km3 (estimate)',136,-2.44775,'moon'),(162,0,4276,'','0.1459','','145','~7.2*10^15 kg (estimate)','0.0','','11','Francisco','266.56','','','','','*10^,000 km3 (estimate)',136,-2.63255,'moon'),(163,0,12179,'','0.5224','','159','~2.5*10^18 kg (estimate)','0.0','','82','Sycorax','1288.28','','','','','*10^,000,000 km³ (estimate)',136,-2.85608,'moon'),(164,0,4540000,'28.32','0.009456','23.5','1.767975','1.02413*10^26 kg','256.228','','24622','Neptune','60182','29','0.6713','11.15','','6.254*10^13 km3',1,2.29821,'planet'),(165,0,48,'','0.0047','','4.75','~1.9*10^17 kg','0.0','','30','Naiad','0.2943958','','','','','~1.5*10^5km³',164,-2.25322,'moon'),(166,0,50,'','0.00176','','0.21','~3.5*10^17 kg','0.0','','40','Thalassa','0.31148444','','','','','~2.9*10^5km³',164,-0.136146,'moon'),(167,0,52,'','0.00038','','0.216','~2.2*10^18 kg','0.0','','78','Despina','0.33465551','','','','','~1.8*10^6 km³',164,-1.15737,'moon'),(168,0,61,'','0.00022','','0.052','2.12 ± 0.08 *10^18 kg','0.0','','87','Galatea','0.42874431','','','','','~2.8*10^6km³',164,-1.91509,'moon'),(169,0,73,'','0.001393','','0.251','~4.2*10^18 kg (estimate)','0.0','','97','Larissa','0.55465332','','','','','~3.5*10^6 km³',164,-0.837753,'moon'),(170,0,354,'0','0.000016','1.455','129.812','2.14*10^22 kg','0.0','','1353','Triton','5.876854','','5','0.779','1.4–1.9 Pa','*10^384000000 km3',164,-1.82305,'moon'),(171,0,117,'','0.00053','0.17','0.524','4.4*10^19 kg','0.0','','210','Proteus','1.12231477','117584','','0.07','','(3.4±0.4)*10^7 km3',164,1.96551,'moon'),(172,0.04,16611,'','0.2646','','134.1','','0.0','','31','Halimede','1879.08','','','','','',164,2.08769,'moon'),(173,0,5513,'','0.7507','','7.09','','0.0','','170','Nereid','360.1362','1372','','','','',164,-3.12686,'moon'),(174,0,22228,'','0.1365','','53.483','','0.0','','22','Sao','2912.72','','','','','',164,-2.92211,'moon'),(175,0,23613,'','0.3969','','37.874','','0.0','','21','Laomedeia','3171.33','','','','','',164,-2.24558,'moon'),(176,0,46705,'','0.4617','','137.679','','0.0','','19','Psamathe','9128.74','','','','','',164,-0.65905,'moon'),(177,0,49500,'','0.5714','','136.439','','0.0','','30','Neso','9740.73','','','','','',164,-1.73651,'moon'),(178,0,7375930,'122.53','0.2488','1.212','17.16','(1.303±0.003)*10^22 kg','14.53','','1188','Pluto','90560','29','6.38723','0.62','1.0 Pa','(7.057±0.004)*10^9 km3',1,1.9295,'planet'),(179,0,42,'82','0.005787','','0.809','7.5*10^15 kg','0.0','','10','Styx','20.16155','','3.24','','','',178,2.18233,'moon'),(180,NULL,19,'','0.0002','0.59','0.08','(1.586±0.015)*10^21 kg',NULL,'','606','Charon','6.3872304','19','','0.288','','(9.32±0.14)*10^8 km3',178,-2.10758,'moon'),(181,0,48,'132','0.002036','','0.133','(4.5±4.0)*10^16 kg','0.0','','35','Nix','24.85463','','','0.00016319','','',178,-1.55351,'moon'),(182,0,57,'96','0.00328','','0.389','1.65*10^16 kg','0.0','','11','Kerberos','32.16756','','','','','',178,-1.12366,'moon'),(183,0,64,'110','0.005862','','0.242','(4.8±4.2)*10^16 kg','0.0','','22','Hydra','38.20177','','','0.00520055269','','',178,1.08482,'moon'),(184,0,7719000,'','0.19205','','28.21','(4.006±0.040)*10^21 kg','216.57','','798','Haumea','104024','34','0.163141667','','','≈2.4*10^9 km3',1,-1.07392,'planet'),(185,0,25,'','0.249','','113.013','1.79 ± 1.48*10^18 kg','178.5','','85','Namaka','18.2783','','','','','',184,1.21633,'moon'),(186,0,49,'','','','','','0.0','','155','Hi\'iaka','49.462','','','','','',184,-0.878622,'moon'),(187,0,7892900,'','0.15804','','28.9803','< 4.4 *10^021 kg','163.9435','','715','Makemake','112327','38','22.8266','','','(1.7±0.1)*10^9 km3',1,-2.60525,'planet'),(188,0,14581000,'','0.438','1.38','44.144','1.66*10^22','0.0','','1163','Eris','203645','5687000','','0.083','','6.59 * 10^9',1,-0.65905,'planet'),(189,0,37,'','0.013','','61.3','','0.0','','350','Dysnomia','0.04325','37350','','','','',188,0.433896,'moon');
/*!40000 ALTER TABLE `planets` ENABLE KEYS */;
UNLOCK TABLES;

--
-- Table structure for table `productions`
--

DROP TABLE IF EXISTS `productions`;
/*!40101 SET @saved_cs_client     = @@character_set_client */;
/*!40101 SET character_set_client = utf8 */;
CREATE TABLE `productions` (
  `id` int(11) NOT NULL AUTO_INCREMENT,
  `power` float DEFAULT NULL,
  `product` int(11) DEFAULT NULL,
  `station` int(11) DEFAULT NULL,
  PRIMARY KEY (`id`),
  KEY `product` (`product`),
  KEY `station` (`station`),
  CONSTRAINT `productions_ibfk_1` FOREIGN KEY (`product`) REFERENCES `products` (`id`),
  CONSTRAINT `productions_ibfk_2` FOREIGN KEY (`station`) REFERENCES `stations` (`id`)
) ENGINE=InnoDB AUTO_INCREMENT=88 DEFAULT CHARSET=utf8;
/*!40101 SET character_set_client = @saved_cs_client */;

--
-- Dumping data for table `productions`
--

LOCK TABLES `productions` WRITE;
/*!40000 ALTER TABLE `productions` DISABLE KEYS */;
INSERT INTO `productions` VALUES (1,4.5,4,1),(2,5,5,1),(4,3,8,1),(5,10,15,1),(6,20,16,1),(7,2,19,1),(8,1,11,1),(9,5,4,2),(10,20,5,2),(11,15,16,2),(12,1,13,2),(13,2,19,2),(14,2,8,2),(15,50,5,3),(16,3,7,3),(17,500,9,3),(18,100,10,3),(19,50,11,3),(20,20,19,3),(21,20,8,3),(22,40,5,4),(23,20,4,4),(24,180,9,4),(25,80,10,4),(26,10,13,4),(27,15,11,4),(28,50,8,4),(29,150,5,5),(30,10,7,5),(31,50,8,5),(32,100,9,5),(33,100,15,5),(34,30,19,5),(35,30,10,5),(36,50,NULL,6),(37,60,4,6),(38,80,5,6),(39,15,8,6),(40,60,11,6),(41,90,15,6),(42,20,19,6),(43,20,17,5),(44,40,17,4),(45,100,1,7),(46,5,6,7),(47,10,12,7),(48,5,19,7),(49,5,7,8),(50,80,NULL,8),(51,2,12,8),(52,10,16,7),(53,187,NULL,9),(54,11,6,9),(55,16,12,9),(56,10,5,9),(57,7,14,9),(58,3,19,9),(59,140,NULL,10),(60,4,6,10),(61,6,12,10),(62,4,14,10),(63,380,1,11),(64,17,6,11),(65,160,NULL,12),(66,12,6,12),(67,140,NULL,13),(68,5,6,13),(69,5,12,13),(70,188,NULL,14),(71,12,6,14),(72,14,12,14),(73,170,NULL,15),(74,8,8,15),(75,5,11,15),(76,23,16,15),(77,12,5,15),(78,2,17,15),(79,3,19,15),(80,8,15,15),(81,1,7,15),(82,120,5,16),(83,120,8,16),(84,170,9,16),(85,120,10,16),(86,100,15,16),(87,70,19,16);
/*!40000 ALTER TABLE `productions` ENABLE KEYS */;
UNLOCK TABLES;

--
-- Table structure for table `products`
--

DROP TABLE IF EXISTS `products`;
/*!40101 SET @saved_cs_client     = @@character_set_client */;
/*!40101 SET character_set_client = utf8 */;
CREATE TABLE `products` (
  `id` int(11) NOT NULL AUTO_INCREMENT,
  `title` varchar(255) DEFAULT NULL,
  `image` varchar(255) DEFAULT NULL,
  `bulk` float DEFAULT NULL,
  `mass` float DEFAULT NULL,
  `price` float DEFAULT NULL,
  PRIMARY KEY (`id`)
) ENGINE=InnoDB AUTO_INCREMENT=20 DEFAULT CHARSET=utf8;
/*!40101 SET character_set_client = @saved_cs_client */;

--
-- Dumping data for table `products`
--

LOCK TABLES `products` WRITE;
/*!40000 ALTER TABLE `products` DISABLE KEYS */;
INSERT INTO `products` VALUES (1,'Iron',NULL,0.2,1560,1000),(4,'Plastic',NULL,1,1000,1700),(5,'Electronics',NULL,1,50,2000),(6,'Uranium',NULL,0.1,1900,48000),(7,'Jewelry',NULL,0.1,5,3000),(8,'Medicine',NULL,1,300,2000),(9,'Grain',NULL,1,500,250),(10,'Sausages',NULL,1,200,1000),(11,'Weapon',NULL,1,200,25000),(12,'Plutonium',NULL,0.1,1986,40000),(13,'Light Drugs',NULL,0.1,100,7000),(14,'Synthetic drugs',NULL,0.1,100,18000),(15,'Raw Materials',NULL,1,2500,4000),(16,'Dry Mushrooms',NULL,1,200,1000),(17,'Entertainments',NULL,2,400,8000),(18,'Slaves',NULL,2,300,10000),(19,'Construction Technic',NULL,4,20000,30000);
/*!40000 ALTER TABLE `products` ENABLE KEYS */;
UNLOCK TABLES;

--
-- Table structure for table `stations`
--

DROP TABLE IF EXISTS `stations`;
/*!40101 SET @saved_cs_client     = @@character_set_client */;
/*!40101 SET character_set_client = utf8 */;
CREATE TABLE `stations` (
  `id` int(11) NOT NULL AUTO_INCREMENT,
  `planet` int(11) DEFAULT NULL,
  `population` int(11) DEFAULT NULL,
  `fraction` varchar(255) DEFAULT NULL,
  `type` varchar(255) DEFAULT NULL,
  `title` varchar(255) DEFAULT NULL,
  `x` float DEFAULT NULL,
  `y` float DEFAULT NULL,
  `aphelion` float DEFAULT NULL,
  `orbital_period` float DEFAULT NULL,
  `angle` float DEFAULT NULL,
  PRIMARY KEY (`id`),
  KEY `planet` (`planet`),
  CONSTRAINT `stations_ibfk_1` FOREIGN KEY (`planet`) REFERENCES `planets` (`id`)
) ENGINE=InnoDB AUTO_INCREMENT=17 DEFAULT CHARSET=utf8;
/*!40101 SET character_set_client = @saved_cs_client */;

--
-- Dumping data for table `stations`
--

LOCK TABLES `stations` WRITE;
/*!40000 ALTER TABLE `stations` DISABLE KEYS */;
INSERT INTO `stations` VALUES (1,5,10000,'EU','static','Sunrise',NULL,NULL,NULL,NULL,NULL),(2,5,20000,'PRC','static','Horizon',NULL,NULL,NULL,NULL,NULL),(3,4,4000,'EU','static','Baikonur',NULL,NULL,NULL,NULL,NULL),(4,4,10000,'EU','static','Delta IV',NULL,NULL,NULL,NULL,NULL),(5,4,20000,'EU','static','Long March 3B/E',NULL,NULL,NULL,NULL,NULL),(6,6,50000,'MA','static','MU Central',NULL,NULL,NULL,NULL,NULL),(7,7,12000,'MA','static','MU Deimos',NULL,NULL,NULL,NULL,NULL),(8,8,5000,'MA','static','MU Phobos',NULL,NULL,NULL,NULL,NULL),(9,9,30000,'AB','mining','S1 Industry',NULL,NULL,NULL,NULL,NULL),(10,NULL,4000,'AB','mining','S7 Industry',NULL,NULL,NULL,NULL,NULL),(11,NULL,5500,'AB','mining','S8 Industry',NULL,NULL,NULL,NULL,NULL),(12,NULL,2500,'EU','mining','S9 Industry',NULL,NULL,NULL,NULL,NULL),(13,NULL,800,'MA','mining','MU Belt-1',NULL,NULL,NULL,NULL,NULL),(14,NULL,800,'AB','mining','MU Belt-3',NULL,NULL,NULL,NULL,NULL),(15,NULL,30000,'PRC','mining','Titan',NULL,NULL,NULL,NULL,NULL),(16,4,1000,'EU','static','Sky Diamond',NULL,NULL,50,1,0.122594);
/*!40000 ALTER TABLE `stations` ENABLE KEYS */;
UNLOCK TABLES;

--
-- Table structure for table `users`
--

DROP TABLE IF EXISTS `users`;
/*!40101 SET @saved_cs_client     = @@character_set_client */;
/*!40101 SET character_set_client = utf8 */;
CREATE TABLE `users` (
  `id` int(11) NOT NULL AUTO_INCREMENT,
  `login` varchar(255) DEFAULT NULL,
  `title` varchar(255) DEFAULT NULL,
  `password` varchar(255) DEFAULT NULL,
  `role` varchar(255) DEFAULT 'user',
  PRIMARY KEY (`id`)
) ENGINE=InnoDB AUTO_INCREMENT=4 DEFAULT CHARSET=utf8;
/*!40101 SET character_set_client = @saved_cs_client */;


/*!40101 SET SQL_MODE=@OLD_SQL_MODE */;
/*!40014 SET FOREIGN_KEY_CHECKS=@OLD_FOREIGN_KEY_CHECKS */;
/*!40014 SET UNIQUE_CHECKS=@OLD_UNIQUE_CHECKS */;
/*!40101 SET CHARACTER_SET_CLIENT=@OLD_CHARACTER_SET_CLIENT */;
/*!40101 SET CHARACTER_SET_RESULTS=@OLD_CHARACTER_SET_RESULTS */;
/*!40101 SET COLLATION_CONNECTION=@OLD_COLLATION_CONNECTION */;
/*!40111 SET SQL_NOTES=@OLD_SQL_NOTES */;

-- Dump completed on 2019-11-13 19:47:09
